,Crisis ID,GlideNumber,SeverityGlideNumber,Country,Crisis,ISO3 code,Region,Type of crisis,First country,Website name,Crisis description,Connected crises,Starting date,Duration (days),Geoscope,ADM1,ADM1 name
0,AFG001,,,Afghanistan,Complex crisis in Afghanistan,AFG,Asia,Complex crisis,Afghanistan,Complex crisis,https://www.acaps.org/country/Afghanistan/crisis/Complex-crisis,AFG005,Before 2019,More than 2 years,National,,
1,AFG005,,,Afghanistan,Earthquake in Khost and Paktika,AFG,Asia,Earthquake,Afghanistan,Earthquake in Khost and Paktika,https://www.acaps.org/country/Afghanistan/crisis/Earthquake-in-Khost-and-Paktika,AFG001,29/06/2022,63,Subnational,"AFG.17_1,AFG.25_1","Khost,Paktika"
2,AGO002,,,Angola,Drought in South-West Angola,AGO,Africa,Food Security,Angola,Drought in South-West,https://www.acaps.org/country/Angola/crisis/Drought-in-South-West,,14/12/2021,260,Subnational,"AGO.8_1,AGO.10_1,AGO.16_1","Cunene,Huíla,Namibe"
3,ARM002,,,Armenia,Nagorno-Karabakh Conflict in Armenia,ARM,Middle east,Conflict,Armenia,Nagorno-Karabakh Conflict in Armenia,https://www.acaps.org/country/Armenia/crisis/Nagorno-Karabakh-Conflict-in-Armenia,AZE002,04/11/2020,665,Subnational,"ARM.4_1,ARM.9_1,ARM.2_1","Erevan,Syunik,Ararat"
4,AZE002,,,Azerbaijan,Nagorno-Karabakh conflict in Azerbaijan,AZE,Middle east,Conflict,Azerbaijan,Nagorno-Karabakh conflict in Azerbaijan,https://www.acaps.org/country/Azerbaijan/crisis/Nagorno-Karabakh-conflict-in-Azerbaijan,ARM002,04/11/2020,665,Subnational,"AZE.5_1,AZE.10_1","Kalbajar-Lachin,Yukhari-Karabakh"
5,BDI001,,,Burundi,Complex in Burundi,BDI,Africa,Complex crisis,Burundi,Complex crisis ,https://www.acaps.org/country/Burundi/crisis/Complex-crisis,"RWA002,TZA002",Before 2019,More than 2 years,National,,
6,BFA002,,,Burkina Faso,Conflict in Burkina Faso,BFA,Africa,Conflict,Burkina Faso,Conflict,https://www.acaps.org/country/Burkina Faso/crisis/Conflict,,Before 2019,More than 2 years,National,,
7,BGD001,,,Bangladesh,Mutliple crises in Bangladesh,BGD,Asia,Multiple crises country,Bangladesh,Country Level,https://www.acaps.org/country/Bangladesh/crisis/Country-Level,"BGD002,BGD008",01/05/2020,852,Subnational,"BGD.7_1,BGD.6_1,BGD.5_1,BGD.3_1,BGD.2_1","Sylhet,Rangpur,Rajshahi,Dhaka,Chittagong"
8,BGD002,,,Bangladesh,Rohingya refugee crisis,BGD,Asia,International displacement,Bangladesh,Rohingya Refugees,https://www.acaps.org/country/Bangladesh/crisis/Rohingya-Refugees,"MMR002,BGD001",Before 2019,More than 2 years,Subnational,BGD.2_1,Chittagong
9,BGD008,,,Bangladesh,2022 Floods in Bangladesh,BGD,Asia,Flood,Bangladesh,2022 floods,https://www.acaps.org/country/Bangladesh/crisis/2022-floods,BGD001,29/06/2022,63,Subnational,"BGD.7_1,BGD.6_1,BGD.5_1,BGD.3_1,BGD.2_1","Sylhet,Rangpur,Rajshahi,Dhaka,Chittagong"
10,BRA001,,,Brazil,Country level Brazil,BRA,Americas,Multiple crises country,Brazil,Country level,https://www.acaps.org/country/Brazil/crisis/Country-level,"BRA002,BRA003",04/01/2022,239,National,,
11,BRA002,,,Brazil,Venezuela displacement in Brazil,BRA,Americas,International displacement,Brazil,Venezuelan refugees,https://www.acaps.org/country/Brazil/crisis/Venezuelan-refugees,VEN001,Before 2019,More than 2 years,Subnational,BRA.23_1,Roraima
12,BRA003,,,Brazil,Floods in rainy season 2022,BRA,Americas,Flood,Brazil,Floods,https://www.acaps.org/country/Brazil/crisis/Floods,,04/01/2022,239,Subnational,"BRA.5_1,BRA.13_1,BRA.19_1","Bahia,Minas Gerais,Rio de Janeiro"
13,CAF001,,,CAR,Complex crisis in CAR,CAF,Africa,Complex crisis,CAR,Complex crisis,https://www.acaps.org/country/CAR/crisis/Complex-crisis,,Before 2019,More than 2 years,National,,
14,CHL002,,,Chile,Venezuela displacement in Chile,CHL,Americas,International displacement,Chile,Venezuelan refugees,https://www.acaps.org/country/Chile/crisis/Venezuelan-refugees,VEN001,11/02/2022,201,National,,
15,CMR001,,,Cameroon,Multiple crises in Cameroon,CMR,Africa,Multiple crises country,Cameroon,Country level,https://www.acaps.org/country/Cameroon/crisis/Country-level,,Before 2019,More than 2 years,National,,
16,CMR002,,,Cameroon,Boko Haram in Cameroon,CMR,Africa,Conflict,Cameroon,Boko Haram,https://www.acaps.org/country/Cameroon/crisis/Boko-Haram,,Before 2019,More than 2 years,Subnational,CMR.4_1,Extrême-Nord
17,CMR003,,,Cameroon,Anglophone Crisis in Cameroon,CMR,Africa,Conflict,Cameroon,Anglophone crisis,https://www.acaps.org/country/Cameroon/crisis/Anglophone-crisis,,Before 2019,More than 2 years,Subnational,"CMR.6_1,CMR.9_1,CMR.8_1,CMR.5_1","Nord-Ouest,Sud-Ouest,Ouest,Littoral"
18,CMR004,,,Cameroon,CAR refugees in Cameroon,CMR,Africa,International displacement,Cameroon,CAR refugees,https://www.acaps.org/country/Cameroon/crisis/CAR-refugees,,Before 2019,More than 2 years,Subnational,"CMR.1_1,CMR.3_1","Adamaoua,Est"
19,COD001,,,DRC,Complex crisis in DRC,COD,Africa,Complex crisis,DRC,Complex crisis,https://www.acaps.org/country/DRC/crisis/Complex-crisis,,Before 2019,More than 2 years,National,,
20,COG001,,,Congo,Complex crisis in Congo,COG,Africa,Complex crisis,Congo,Complex crisis,https://www.acaps.org/country/Congo/crisis/Complex-crisis,,01/12/2019,1004,National,,
21,COL001,,,Colombia,Complex crisis in Colombia,COL,Americas,Complex crisis,Colombia,Complex crisis,https://www.acaps.org/country/Colombia/crisis/Complex-crisis,,Before 2019,More than 2 years,National,,
22,COL002,,,Colombia,Venezuela displacement in Colombia,COL,Americas,International displacement,Colombia,Venezuelan refugees ,https://www.acaps.org/country/Colombia/crisis/Venezuelan-refugees,VEN001,Before 2019,More than 2 years,National,,
23,CRI002,,,Costa Rica,Nicaraguan refugees in Costa Rica,CRI,Americas,International displacement,Costa Rica,Nicaraguan refugees,https://www.acaps.org/country/Costa Rica/crisis/Nicaraguan-refugees,NIC001,01/04/2019,1248,National,,
24,DJI001,,,Djibouti,Multiple crises in Djibouti,DJI,Africa,Multiple crises country,Djibouti,Country level,https://www.acaps.org/country/Djibouti/crisis/Country-level,,Before 2019,More than 2 years,National,,
25,DJI002,,,Djibouti,Mixed migration in Djibouti,DJI,Africa,International displacement,Djibouti,Mixed Migration,https://www.acaps.org/country/Djibouti/crisis/Mixed-Migration,,Before 2019,More than 2 years,National,,
26,DJI003,,,Djibouti,Drought in Djibouti,DJI,Africa,Drought,Djibouti,Drought,https://www.acaps.org/country/Djibouti/crisis/Drought,,Before 2019,More than 2 years,National,,
27,DOM002,,,Dominican Republic,Venezuela displacement in Dominican Republic,DOM,Americas,International displacement,Dominican Republic,Venezuelan refugees ,https://www.acaps.org/country/Dominican Republic/crisis/Venezuelan-refugees,VEN001,11/02/2022,201,National,,
28,DZA002,,,Algeria,Mixed migration flows in Algeria,DZA,Africa,International displacement,Algeria,Mixed Migration,https://www.acaps.org/country/Algeria/crisis/Mixed-Migration,,Before 2019,More than 2 years,National,,
29,DZA003,,,Algeria,Sahrawi refugees in Algeria,DZA,Africa,International displacement,Algeria,Sahrawi refugees,https://www.acaps.org/country/Algeria/crisis/Sahrawi-refugees,,Before 2019,More than 2 years,Subnational,DZA.44_1,Tindouf
30,DZA004,,,Algeria,Multiple crises in Algeria,DZA,Africa,Multiple crises country,Algeria,Country level,https://www.acaps.org/country/Algeria/crisis/Country-level,,23/06/2020,799,National,,
31,ECU002,,,Ecuador,Venezuela displacement in Ecuador,ECU,Americas,International displacement,Ecuador,Venezuelan refugees ,https://www.acaps.org/country/Ecuador/crisis/Venezuelan-refugees,VEN001,Before 2019,More than 2 years,National,,
32,EGY002,,,Egypt,Syrian Refugee Crisis in Egypt,EGY,Africa,International displacement,Egypt,Refugee crisis,https://www.acaps.org/country/Egypt/crisis/Refugee-crisis,,Before 2019,More than 2 years,National,"EGY.8_1,EGY.12_1,EGY.6_1","Al Jizah,Al Qalyubiyah,Al Iskandariyah"
33,ERI001,,,Eritrea,Complex crisis in Eritrea,ERI,Africa,Complex crisis,Eritrea,Complex crisis,https://www.acaps.org/country/Eritrea/crisis/Complex-crisis,"ETH004,ETH003",Before 2019,More than 2 years,National,,
34,ESP002,,,Spain,Mixed migration flows in spain,ESP,Europe,International displacement,Spain,Mixed Migration,https://www.acaps.org/country/Spain/crisis/Mixed-Migration,,Before 2019,More than 2 years,National,"ESP.13_1,ESP.14_1,ESP.1_1,ESP.7_1","Islas Baleares,Islas Canarias,Andalucía,Ceuta y Melilla"
35,ETH001,,,Ethiopia,Complex crisis in Ethiopia,ETH,Africa,Complex crisis,Ethiopia,Complex crisis,https://www.acaps.org/country/Ethiopia/crisis/Complex-crisis,ERI001,Before 2019,More than 2 years,National,,
36,ETH003,,,Ethiopia,International Displacement,ETH,Africa,International displacement,Ethiopia,International Displacement,https://www.acaps.org/country/Ethiopia/crisis/International-Displacement,,01/06/2020,821,National,,
37,ETH004,,,Ethiopia,Northern Ethiopia Conflict,ETH,Africa,Conflict,Ethiopia,Northern Ethiopia Conflict,https://www.acaps.org/country/Ethiopia/crisis/Northern-Ethiopia-Conflict,ERI001,04/12/2020,635,Subnational,"ETH.2_1,ETH.3_1,ETH.11_1","Afar,Amhara,Tigray"
38,ETH005,,,Ethiopia,Drought in Ethiopia,ETH,Africa,Drought,Ethiopia,Drought,https://www.acaps.org/country/Ethiopia/crisis/Drought,ETH001,08/02/2022,204,Subnational,"ETH.8_1,ETH.9_1,ETH.10_1","Oromia,Somali,Southern Nations, Nationalities and Peoples"
39,GMB002,,,Gambia,Flood crisis in Gambia ,GMB,Africa,Flood,Gambia,Flood in Gambia ,https://www.acaps.org/country/Gambia/crisis/Flood-in-Gambia,,29/08/2022,2,National,,
40,GRC002,,,Greece,Mixed migration flows in Greece,GRC,Europe,International displacement,Greece,Mixed Migration,https://www.acaps.org/country/Greece/crisis/Mixed-Migration,,Before 2019,More than 2 years,Subnational,GRC.1_1,Aegean
41,GTM001,,,Guatemala,Complex crisis in Guatemala,GTM,Americas,Complex crisis,Guatemala,Complex crisis,https://www.acaps.org/country/Guatemala/crisis/Complex-crisis,,Before 2019,More than 2 years,National,,
42,HND001,,,Honduras,Complex crisis in Honduras,HND,Americas,Complex crisis,Honduras,Complex crisis,https://www.acaps.org/country/Honduras/crisis/Complex-crisis,,Before 2019,More than 2 years,National,,
43,HTI001,,,Haiti,Complex crisis in Haiti,HTI,Americas,Complex crisis,Haiti,Complex crisis,https://www.acaps.org/country/Haiti/crisis/Complex-crisis,,Before 2019,More than 2 years,National,,
44,HTI002,,,Haiti,Nippes Earthquake ,HTI,Americas,Earthquake,Haiti,Earthquake,https://www.acaps.org/country/Haiti/crisis/Earthquake,,16/08/2021,380,Subnational,"HTI.10_1,HTI.2_1,HTI.4_1","Sud,Grand'Anse,Nippes"
45,HUN002,,,Hungary,Displacement from Ukraine conflict in Hungary,HUN,Europe,International displacement,Hungary,Displacement from Ukraine conflict,https://www.acaps.org/country/Hungary/crisis/Displacement-from-Ukraine-conflict,"UKR002,POL002,MDA002,ROU002,SVK002",28/02/2022,184,Subnational,HUN.16_1,Szabolcs-Szatmár-Bereg
46,IDN002,,,Indonesia,Papua Conflict,IDN,Asia,Conflict,Indonesia,Papua Conflict,https://www.acaps.org/country/Indonesia/crisis/Papua-Conflict,,01/07/2019,1157,Subnational,IDN.23_1,Papua
47,IND002,,,India,Conflict in Jammu and Kashmir,IND,Asia,Conflict,India,Kashmir conflict ,https://www.acaps.org/country/India/crisis/Kashmir-conflict,PAK004,01/03/2019,1279,Subnational,IND.14_1,Jammu and Kashmir
48,IRN004,,,Iran,Afghan Refugees in Iran,IRN,Middle east,International displacement,Iran,Afghan Refugees,https://www.acaps.org/country/Iran/crisis/Afghan-Refugees,,01/03/2020,913,Subnational,"IRN.6_1,IRN.28_1,IRN.24_1","Esfahan,Tehran,Razavi Khorasan"
49,IRQ001,,,Iraq,Multiple crises in Iraq,IRQ,Middle east,Multiple crises country,Iraq,Country level,https://www.acaps.org/country/Iraq/crisis/Country-level,,Before 2019,More than 2 years,National,"IRQ.1_1,IRQ.2_1,IRQ.4_1,IRQ.5_1,IRQ.6_1,IRQ.7_1,IRQ.8_1,IRQ.9_1,IRQ.10_1,IRQ.11_1,IRQ.12_1,IRQ.13_1,IRQ.14_1,IRQ.15_1,IRQ.16_1,IRQ.17_1,IRQ.18_1","Al-Anbar,Al-Basrah,Al-Qadisiyah,An-Najaf,Arbil,As-Sulaymaniyah,At-Ta'mim,Babil,Baghdad,Dhi-Qar,Dihok,Diyala,Karbala',Maysan,Ninawa,Sala ad-Din,Wasit"
50,IRQ002,,,Iraq,Conflict  in Iraq,IRQ,Middle east,Conflict,Iraq,Conflict,https://www.acaps.org/country/Iraq/crisis/Conflict,,Before 2019,More than 2 years,National,"IRQ.1_1,IRQ.2_1,IRQ.4_1,IRQ.5_1,IRQ.6_1,IRQ.7_1,IRQ.8_1,IRQ.9_1,IRQ.10_1,IRQ.11_1,IRQ.12_1,IRQ.13_1,IRQ.14_1,IRQ.15_1,IRQ.16_1,IRQ.17_1,IRQ.18_1","Al-Anbar,Al-Basrah,Al-Qadisiyah,An-Najaf,Arbil,As-Sulaymaniyah,At-Ta'mim,Babil,Baghdad,Dhi-Qar,Dihok,Diyala,Karbala',Maysan,Ninawa,Sala ad-Din,Wasit"
51,IRQ003,,,Iraq,Syrian and Palestinian refugees in iraq,IRQ,Middle east,International displacement,Iraq,Syrian Refugees,https://www.acaps.org/country/Iraq/crisis/Syrian-Refugees,,Before 2019,More than 2 years,Subnational,"IRQ.6_1,IRQ.7_1,IRQ.12_1","Arbil,As-Sulaymaniyah,Dihok"
52,ITA002,,,Italy,Mixed migration flows in Italy,ITA,Europe,International displacement,Italy,Mixed Migration,https://www.acaps.org/country/Italy/crisis/Mixed-Migration,,Before 2019,More than 2 years,National,"ITA.4_1,ITA.15_1","Calabria,Sicily"
53,JOR002,,,Jordan,Syrian refugees in Jordan,JOR,Middle east,International displacement,Jordan,Syrian refugees,https://www.acaps.org/country/Jordan/crisis/Syrian-refugees,,Before 2019,More than 2 years,Subnational,"JOR.2_1,JOR.5_1,JOR.10_1,JOR.12_1","Amman,Irbid,Mafraq,Zarqa"
54,KEN001,,,Kenya,Multiple crisis in Kenya ,KEN,Africa,Multiple crises country,Kenya,Country level ,https://www.acaps.org/country/Kenya/crisis/Country-level,,01/06/2019,1187,National,,
55,KEN002,,,Kenya,Refugee situation in Kenya,KEN,Africa,International displacement,Kenya,Refugee situation,https://www.acaps.org/country/Kenya/crisis/Refugee-situation,"SSD001,SOM001",Before 2019,More than 2 years,Subnational,"KEN.7_1,KEN.43_1","Garissa,Turkana"
56,KEN003,,,Kenya,Drought in Kenya,KEN,Africa,Drought,Kenya,Drought,https://www.acaps.org/country/Kenya/crisis/Drought,,01/06/2019,1187,Subnational,"KEN.7_1,KEN.6_1,KEN.1_1,KEN.9_1,KEN.10_1,KEN.14_1,KEN.18_1,KEN.19_1,KEN.20_1,KEN.21_1,KEN.23_1,KEN.24_1,KEN.25_1,KEN.26_1,KEN.33_1,KEN.36_1,KEN.37_1,KEN.39_1,KEN.40_1,KEN.41_1,KEN.43_1,KEN.46_1,KEN.47_1","Garissa,Embu,Baringo,Isiolo,Kajiado,Kilifi,Kitui,Kwale,Laikipia,Lamu,Makueni,Mandera,Marsabit,Meru,Narok,Nyeri,Samburu,Taita Taveta,Tana River,Tharaka-Nithi,Turkana,Wajir,West Pokot"
57,LBN002,,,Lebanon,Syrian refugees in Lebanon,LBN,Middle east,International displacement,Lebanon,Syrian refugees,https://www.acaps.org/country/Lebanon/crisis/Syrian-refugees,,Before 2019,More than 2 years,National,,
58,LBN004,,,Lebanon,Socioeconomic crisis in Lebanon,LBN,Middle east,Political and economic crisis,Lebanon,Socioeconomic crisis,https://www.acaps.org/country/Lebanon/crisis/Socioeconomic-crisis,,01/04/2020,882,National,,
59,LBY001,,,Libya,Complex crisis in Libya,LBY,Africa,Multiple crises country,Libya,Complex crisis,https://www.acaps.org/country/Libya/crisis/Complex-crisis,,Before 2019,More than 2 years,National,,
60,LBY002,,,Libya,Mixed migration flows in Libya,LBY,Africa,International displacement,Libya,Mixed Migration,https://www.acaps.org/country/Libya/crisis/Mixed-Migration,,Before 2019,More than 2 years,National,,
61,LKA002,,,Sri Lanka,Socio-economic crisis in Sri Lanka,LKA,Asia,Political and economic crisis,Sri Lanka,Socio-economic crisis,https://www.acaps.org/country/Sri Lanka/crisis/Socio-economic-crisis,,20/06/2022,72,National,,
62,LSO002,,,Lesotho,Drought in Lesotho,LSO,Africa,Drought,Lesotho,Drought,https://www.acaps.org/country/Lesotho/crisis/Drought,,Before 2019,More than 2 years,National,,
63,MAR002,,,Morocco,Mixed migration flows in Morocco,MAR,Africa,International displacement,Morocco,Mixed Migration,https://www.acaps.org/country/Morocco/crisis/Mixed-Migration,,Before 2019,More than 2 years,National,,
64,MDA002,,,Moldova,DIsplacement from Ukraine conflict in Moldova,MDA,Europe,International displacement,Moldova,Displacement from Ukraine conflict,https://www.acaps.org/country/Moldova/crisis/Displacement-from-Ukraine-conflict,"HUN002,POL002,UKR002,ROU002,SVK002",03/03/2022,181,Subnational,"MDA.25_1,MDA.32_1","Ocniţa,Ştefan Voda"
65,MDG001,,,Madagascar,Multiple crisis in Madagascar,MDG,Africa,Multiple crises country,Madagascar,Country level,https://www.acaps.org/country/Madagascar/crisis/Country-level,,Before 2019,More than 2 years,National,,
66,MDG002,,,Madagascar,Drought in Madagascar,MDG,Africa,Drought,Madagascar,Drought,https://www.acaps.org/country/Madagascar/crisis/Drought,,Before 2019,More than 2 years,Subnational,"MDG.3_1,MDG.6_1","Fianarantsoa,Toliary"
67,MDG006,,,Madagascar,Tropical Cyclones Season in 2022 in Madagascar,MDG,Africa,Tropical cyclone,Madagascar,Tropical Cyclones Season in 2022,https://www.acaps.org/country/Madagascar/crisis/Tropical-Cyclones-Season-in-2022,MWI004,25/01/2022,218,National,,
68,MEX001,,,Mexico,Multiple crisis in Mexico,MEX,Americas,Multiple crises country,Mexico,Country Level,https://www.acaps.org/country/Mexico/crisis/Country-Level,,01/11/2019,1034,National,,
69,MEX002,,,Mexico,Criminal Violence in Mexico,MEX,Americas,Other type of violence,Mexico,Criminal Violence,https://www.acaps.org/country/Mexico/crisis/Criminal-Violence,,01/11/2019,1034,National,,
70,MEX003,,,Mexico,Mixed Migration in Mexico,MEX,Americas,International displacement,Mexico,Mixed Migration,https://www.acaps.org/country/Mexico/crisis/Mixed-Migration,"GTM003,SLV001,HND001",01/11/2019,1034,National,,
71,MLI001,,,Mali,Complex crisis in Mali,MLI,Africa,Complex crisis,Mali,Complex crisis,https://www.acaps.org/country/Mali/crisis/Complex-crisis,,Before 2019,More than 2 years,National,,
72,MMR001,,,Myanmar,Multiple crises in Myanmar,MMR,Asia,Multiple crises country,Myanmar,Country level,https://www.acaps.org/country/Myanmar/crisis/Country-level,,Before 2019,More than 2 years,National,,
73,MMR002,,,Myanmar,Rakhine Conflict,MMR,Asia,Conflict,Myanmar,Rakhine conflict,https://www.acaps.org/country/Myanmar/crisis/Rakhine-conflict,,Before 2019,More than 2 years,Subnational,MMR.11_1,Rakhine
74,MMR003,,,Myanmar,Kachin and Shan Conflict,MMR,Asia,Conflict,Myanmar,Kachin and Shan conflict,https://www.acaps.org/country/Myanmar/crisis/Kachin-and-Shan-conflict,,Before 2019,More than 2 years,Subnational,"MMR.4_1,MMR.13_1","Kachin,Shan"
75,MMR004,,,Myanmar,Post-coup conflict in Myanmar,MMR,Asia,Conflict,Myanmar,Post-coup conflict,https://www.acaps.org/country/Myanmar/crisis/Post-coup-conflict,,17/06/2021,440,Subnational,"MMR.2_1,MMR.3_1,MMR.5_1,MMR.7_1,MMR.6_1,MMR.9_1,MMR.10_1,MMR.12_1,MMR.14_1,MMR.15_1","Bago,Chin,Kayah,Magway,Kayin,Mon,Naypyitaw,Sagaing,Tanintharyi,Yangon"
76,MOZ001,,,Mozambique,Multiple Crises in Mozambique,MOZ,Africa,Multiple crises country,Mozambique,Multiple Crises,https://www.acaps.org/country/Mozambique/crisis/Multiple-Crises,"MOZ004,MOZ008",01/04/2019,1248,,"MOZ.1_1,MOZ.7_1,MOZ.8_1,MOZ.10_1,MOZ.9_1,MOZ.11_1","Cabo Delgado,Nampula,Nassa,Tete,Sofala,Zambezia"
77,MOZ004,,,Mozambique,Cabo Delgado Islamist Insurgency,MOZ,Africa,Other type of violence,Mozambique,Violent Insurgency in Cabo Delgado,https://www.acaps.org/country/Mozambique/crisis/Violent-Insurgency-in-Cabo-Delgado,,01/03/2019,1279,Subnational,"MOZ.1_1,MOZ.7_1,MOZ.8_1","Cabo Delgado,Nampula,Nassa"
78,MOZ008,,,Mozambique,2022 Tropical Cyclone Seasons in Mozambique,MOZ,Africa,Tropical cyclone,Mozambique,Tropical Cyclones Season,https://www.acaps.org/country/Mozambique/crisis/Tropical-Cyclones-Season,"MWI004,MDG006",31/01/2022,212,Subnational,"MOZ.7_1,MOZ.11_1,MOZ.9_1,MOZ.10_1","Nampula,Zambezia,Sofala,Tete"
79,MRT002,,,Mauritania,Refugees from Mali in Mauritania,MRT,Africa,International displacement,Mauritania,Malian refugees,https://www.acaps.org/country/Mauritania/crisis/Malian-refugees,,Before 2019,More than 2 years,Subnational,"MRT.7_1,MRT.10_1,MRT.4_1","Hodh ech Chargui,Nouakchott,Dakhlet Nouadhibou"
80,MRT003,,,Mauritania,Food Security in Mauritania,MRT,Africa,Drought,Mauritania,Food security,https://www.acaps.org/country/Mauritania/crisis/Food-security,,Before 2019,More than 2 years,National,,
81,MWI002,,,Malawi,Complex crisis in Malawi,MWI,Africa,Complex crisis,Malawi,Complex,https://www.acaps.org/country/Malawi/crisis/Complex,,Before 2019,More than 2 years,National,,
82,MWI004,,,Malawi,Tropical Cyclone Ana in Malawi,MWI,Africa,Tropical cyclone,Malawi,Tropical Cyclone Ana,https://www.acaps.org/country/Malawi/crisis/Tropical-Cyclone-Ana,MDG006,31/01/2022,212,Subnational,"MWI.1_1,MWI.2_1,MWI.3_1,MWI.4_1,MWI.6_1,MWI.12_1,MWI.13_1,MWI.14_1,MWI.15_1","Balaka,Blantyre,Chikwawa,Chiradzulu,Dedza,Machinga,Mangochi,Mchinji,Mulanje"
83,MYS001,,,Malaysia,International Refugees in Malaysia,MYS,Asia,International displacement,Malaysia,International Refugees,https://www.acaps.org/country/Malaysia/crisis/International-Refugees,MMR002,26/03/2021,523,National,,
84,NAM002,,,Namibia,Food Security Crisis in Namibia,NAM,Africa,Food Security,Namibia,Food Security Crisis,https://www.acaps.org/country/Namibia/crisis/Food-Security-Crisis,,01/01/2020,973,National,,
85,NER001,,,Niger,Multiple crises in Niger,NER,Africa,Multiple crises country,Niger,Country level,https://www.acaps.org/country/Niger/crisis/Country-level,,Before 2019,More than 2 years,National,,
86,NER002,,,Niger,Boko Haram in Niger,NER,Africa,Conflict,Niger,Boko Haram,https://www.acaps.org/country/Niger/crisis/Boko-Haram,,Before 2019,More than 2 years,Subnational,NER.2_1,Diffa
87,NER003,,,Niger,Mali/Burkina Faso conflict,NER,Africa,Conflict,Niger,Cross-border violence ,https://www.acaps.org/country/Niger/crisis/Cross-border-violence,,Before 2019,More than 2 years,Subnational,"NER.6_1,NER.7_1","Tahoua,Tillabéry"
88,NER004,,,Niger,Nigerian Refugees,NER,Africa,International displacement,Niger,Nigerian Refugees,https://www.acaps.org/country/Niger/crisis/Nigerian-Refugees,,01/12/2019,1004,Subnational,NER.4_1,Maradi
89,NGA001,,,Nigeria,Complex crisis in Nigeria,NGA,Africa,Complex crisis,Nigeria,Complex crisis,https://www.acaps.org/country/Nigeria/crisis/Complex-crisis,"NER004,CMR003",Before 2019,More than 2 years,National,,
90,NGA003,,,Nigeria,Middle belt conflict,NGA,Africa,Conflict,Nigeria,Middle Belt,https://www.acaps.org/country/Nigeria/crisis/Middle-Belt,,Before 2019,More than 2 years,Subnational,"NGA.7_1,NGA.26_1,NGA.32_1,NGA.35_1","Benue,Nassarawa,Plateau,Taraba"
91,NGA004,,,Nigeria,Boko Haram crisis in Nigeria,NGA,Africa,Conflict,Nigeria,Boko Haram ,https://www.acaps.org/country/Nigeria/crisis/Boko-Haram,NER004,Before 2019,More than 2 years,Subnational,"NGA.8_1,NGA.2_1,NGA.36_1","Borno,Adamawa,Yobe"
92,NGA007,,,Nigeria,Northwest Banditry,NGA,Africa,Other type of violence,Nigeria,Northwest Banditry,https://www.acaps.org/country/Nigeria/crisis/Northwest-Banditry,NER004,01/12/2019,1004,Subnational,"NGA.37_1,NGA.21_1,NGA.34_1,NGA.19_1,NGA.27_1,NGA.22_1","Zamfara,Katsina,Sokoto,Kaduna,Niger,Kebbi"
93,NGA008,,,Nigeria,Cameroonian Refugees in Nigeria,NGA,Africa,International displacement,Nigeria,Cameroonian Refugees,https://www.acaps.org/country/Nigeria/crisis/Cameroonian-Refugees,CMR003,01/01/2020,973,Subnational,"NGA.9_1,NGA.35_1,NGA.7_1","Cross River,Taraba,Benue"
94,NIC001,,,Nicaragua,Socioeconomic crisis in Nicaragua,NIC,Americas,Political and economic crisis,Nicaragua,Socioeconomic crisis,https://www.acaps.org/country/Nicaragua/crisis/Socioeconomic-crisis,,Before 2019,More than 2 years,National,,
95,PAK001,,,Pakistan,Complex crisis in Pakistan,PAK,Asia,Complex crisis,Pakistan,Complex crisis,https://www.acaps.org/country/Pakistan/crisis/Complex-crisis,,Before 2019,More than 2 years,National,,
96,PAK004,,,Pakistan,Kashmir conflict in Pakistan,PAK,Asia,Conflict,Pakistan,Kashmir conflict,https://www.acaps.org/country/Pakistan/crisis/Kashmir-conflict,,01/02/2019,1307,Subnational,PAK.1_1,Azad Kashmir
97,PAK005,,,Pakistan,Floods in Pakistan ,PAK,Asia,Flood,Pakistan,Monsoon floods 2022,https://www.acaps.org/country/Pakistan/crisis/Monsoon-floods-2022,PAK001,28/07/2022,34,Subnational,"PAK.2_1,PAK.8_1,PAK.5_1","Baluchistan,Sind,N.W.F.P."
98,PAN002,,,Panama,Venezuela displacement in Panama,PAN,Americas,International displacement,Panama,Venezuelan refugees,https://www.acaps.org/country/Panama/crisis/Venezuelan-refugees,VEN001,Before 2019,More than 2 years,National,,
99,PER002,,,Peru,Venezuela displacement in Peru,PER,Americas,International displacement,Peru,Venezuelan refugees,https://www.acaps.org/country/Peru/crisis/Venezuelan-refugees,VEN001,Before 2019,More than 2 years,National,,
100,PHL001,,,Philippines,Multiple crises in the Philippines,PHL,Asia,Multiple crises country,Philippines,Country level,https://www.acaps.org/country/Philippines/crisis/Country-level,,Before 2019,More than 2 years,National,,
101,PHL003,,,Philippines,Mindanao conflict,PHL,Asia,Conflict,Philippines,Mindanao Conflict,https://www.acaps.org/country/Philippines/crisis/Mindanao-Conflict,,Before 2019,More than 2 years,Subnational,"PHL.27_1,PHL.29_1,PHL.28_1,PHL.79_1,PHL.70_1,PHL.53_1,PHL.67_1,PHL.72_1,PHL.2_1,PHL.3_1,PHL.74_1,PHL.75_1,PHL.30_1,PHL.77_1,PHL.9_1,PHL.73_1,PHL.42_1,PHL.44_1","Davao del Norte,Davao Oriental,Davao del Sur,Zamboanga del Norte,South Cotabato,North Cotabato,Sarangani,Sultan Kudarat,Agusan del Norte,Agusan del Sur,Surigao del Norte,Surigao del Sur,Dinagat Islands,Tawi-Tawi,Basilan,Sulu,Lanao del Sur,Maguindanao"
102,PHL010,,,Philippines,Typhoon RAI,PHL,Asia,Tropical cyclone,Philippines,Typhoon RAI (Odette),https://www.acaps.org/country/Philippines/crisis/Typhoon-RAI-(Odette),,19/12/2021,255,Subnational,"PHL.2_1,PHL.3_1,PHL.30_1,PHL.74_1,PHL.75_1,PHL.45_1,PHL.57_1,PHL.58_1,PHL.65_1,PHL.59_1","Agusan del Norte,Agusan del Sur,Dinagat Islands,Surigao del Norte,Surigao del Sur,Marinduque,Occidental Mindoro,Oriental Mindoro,Romblon,Palawan"
103,POL002,,,Poland,Displacement from Ukraine conflict in Poland,POL,Europe,International displacement,Poland,Displacement from Ukraine conflict,https://www.acaps.org/country/Poland/crisis/Displacement-from-Ukraine-conflict,"UKR002,HUN002,SVK002,ROU002,MDA002",28/02/2022,184,Subnational,POL.4_1,Lubelskie
104,PRK001,,,DPRK,Complex crisis in DPRK,PRK,Asia,Complex crisis,DPRK,Complex crisis,https://www.acaps.org/country/DPRK/crisis/Complex-crisis,,Before 2019,More than 2 years,National,,
105,PSE002,,,Palestine,Conflict in Palestine,PSE,Middle east,Conflict,Palestine,Conflict,https://www.acaps.org/country/Palestine/crisis/Conflict,,Before 2019,More than 2 years,National,,
106,REG001,,,"Nigeria,Niger,Chad,Cameroon",Regional Boko Haram Crisis,"NGA,NER,TCD,CMR","Africa,Africa,Africa,Africa",Regional crisis,Nigeria,Regional Boko Haram,https://www.acaps.org/country/Nigeria/crisis/Regional-Boko-Haram,,01/03/2019,1279,,"CMR.4_1,NER.2_1,TCD.10_1,NGA.2_1,NGA.8_1,NGA.36_1","Extrême-Nord,Diffa,Lac,Adamawa,Borno,Yobe"
107,REG002,,,"Venezuela,Brazil,Colombia,Ecuador,Peru,Trinidad and Tobago,Chile,Dominican Republic,Panama",Venezuela Regional Crisis,"VEN,BRA,COL,ECU,PER,TTO,CHL,DOM,PAN","Americas,Americas,Americas,Americas,Americas,Americas,Americas,Americas,Americas",Regional crisis,Venezuela,Venezuela Regional Crisis,https://www.acaps.org/country/Venezuela/crisis/Venezuela-Regional-Crisis,,01/04/2019,1248,,"BRA.23_1,VEN.1_1,VEN.3_1,VEN.2_1,VEN.4_1,VEN.5_1,VEN.6_1,VEN.7_1,VEN.8_1,VEN.9_1,VEN.10_1,VEN.11_1,VEN.12_1,VEN.13_1,VEN.14_1,VEN.15_1,VEN.16_1,VEN.17_1,VEN.18_1,VEN.19_1,VEN.20_1,VEN.21_1,VEN.22_1,VEN.23_1,VEN.24_1,VEN.25_1,COL.1_1,COL.2_1,COL.3_1,COL.4_1,COL.5_1,COL.6_1,COL.7_1,COL.8_1,COL.9_1,COL.10_1,COL.11_1,COL.12_1,COL.13_1,COL.14_1,COL.15_1,COL.16_1,COL.17_1,COL.18_1,COL.19_1,COL.20_1,COL.21_1,COL.22_1,COL.23_1,COL.24_1,COL.25_1,COL.26_1,COL.27_1,COL.28_1,COL.29_1,COL.30_1,COL.31_1,COL.32_1,ECU.1_1,ECU.2_1,ECU.3_1,ECU.4_1,ECU.5_1,ECU.6_1,ECU.7_1,ECU.8_1,ECU.9_1,ECU.10_1,ECU.11_1,ECU.12_1,ECU.13_1,ECU.14_1,ECU.15_1,ECU.16_1,ECU.17_1,ECU.18_1,ECU.19_1,ECU.20_1,ECU.21_1,ECU.22_1,ECU.23_1,ECU.24_1,PER.1_1,PER.2_1,PER.3_1,PER.4_1,PER.5_1,PER.6_1,PER.7_1,PER.8_1,PER.9_1,PER.10_1,PER.11_1,PER.12_1,PER.13_1,PER.14_1,PER.16_1,PER.15_1,PER.17_1,PER.18_1,PER.19_1,PER.20_1,PER.21_1,PER.22_1,PER.23_1,PER.24_1,PER.25_1,PER.26_1,TTO.1_1,TTO.2_1,TTO.3_1,TTO.4_1,TTO.5_1,TTO.6_1,TTO.7_1,TTO.8_1,TTO.9_1,TTO.10_1,TTO.11_1,TTO.12_1,TTO.13_1,TTO.14_1,TTO.15_1,CHL.1_1,CHL.2_1,CHL.3_1,CHL.4_1,CHL.5_1,CHL.6_1,CHL.7_1,CHL.8_1,CHL.9_1,CHL.10_1,CHL.11_1,CHL.12_1,CHL.13_1,CHL.14_1,CHL.15_1,CHL.16_1,DOM.1_1,DOM.2_1,DOM.3_1,DOM.4_1,DOM.5_1,DOM.6_1,DOM.7_1,DOM.8_1,DOM.9_1,DOM.10_1,DOM.11_1,DOM.12_1,DOM.13_1,DOM.14_1,DOM.15_1,DOM.16_1,DOM.17_1,DOM.18_1,DOM.19_1,DOM.20_1,DOM.21_1,DOM.22_1,DOM.23_1,DOM.24_1,DOM.25_1,DOM.26_1,DOM.27_1,DOM.28_1,DOM.30_1,DOM.29_1,DOM.31_1,DOM.32_1,PAN.1_1,PAN.2_1,PAN.3_1,PAN.4_1,PAN.5_1,PAN.6_1,PAN.7_1,PAN.8_1,PAN.9_1,PAN.10_1,PAN.12_1,PAN.11_1,PAN.13_1","Roraima,Amazonas,Apure,Anzoátegui,Aragua,Barinas,Bolívar,Carabobo,Cojedes,Delta Amacuro,Dependencias Federales,Distrito Capital,Falcón,Guárico,Lara,Mérida,Miranda,Monagas,Nueva Esparta,Portuguesa,Sucre,Táchira,Trujillo,Vargas,Yaracuy,Zulia,Amazonas,Antioquia,Arauca,Atlántico,Bolívar,Boyacá,Caldas,Caquetá,Casanare,Cauca,Cesar,Chocó,Córdoba,Cundinamarca,Guainía,Guaviare,Huila,La Guajira,Magdalena,Meta,Nariño,Norte de Santander,Putumayo,Quindío,Risaralda,San Andrés y Providencia,Santander,Sucre,Tolima,Valle del Cauca,Vaupés,Vichada,Azuay,Bolivar,Cañar,Carchi,Chimborazo,Cotopaxi,El Oro,Esmeraldas,Galápagos,Guayas,Imbabura,Loja,Los Rios,Manabi,Morona Santiago,Napo,Orellana,Pastaza,Pichincha,Santa Elena,Santo Domingo de los Tsachilas,Sucumbios,Tungurahua,Zamora Chinchipe,Amazonas,Ancash,Apurímac,Arequipa,Ayacucho,Cajamarca,Callao,Cusco,Huancavelica,Huánuco,Ica,Junín,La Libertad,Lambayeque,Lima,Lima Province,Loreto,Madre de Dios,Moquegua,Pasco,Piura,Puno,San Martín,Tacna,Tumbes,Ucayali,Arima,Chaguanas,Couva-Tabaquite-Talparo,Diego Martin,Mayaro/Rio Claro,Penal-Debe,Point Fortin,Port of Spain,Princes Town,San Fernando,San Juan-Laventille,Sangre Grande,Siparia,Tobago,Tunapuna/Piarco,Aisén del General Carlos Ibáñez del Campo,Antofagasta,Araucanía,Arica y Parinacota,Atacama,Bío-Bío,Coquimbo,Libertador General Bernardo O'Higgins,Los Lagos,Los Ríos,Magallanes y Antártica Chilena,Maule,Ñuble,Región Metropolitana de Santiago,Tarapacá,Valparaíso,Azua,Bahoruco,Barahona,Dajabón,Distrito Nacional,Duarte,El Seybo,Espaillat,Hato Mayor,Independencia,La Altagracia,La Estrelleta,La Romana,La Vega,María Trinidad Sánchez,Monseñor Nouel,Monte Cristi,Monte Plata,Pedernales,Peravia,Puerto Plata,Salcedo,Samaná,San Cristóbal,San José de Ocoa,San Juan,San Pedro de Macorís,Sánchez Ramírez,Santiago,Santiago Rodríguez,Santo Domingo,Valverde,Bocas del Toro,Chiriquí,Coclé,Colón,Darién,Emberá,Herrera,Kuna Yala,Los Santos,Ngöbe Buglé,Panamá,Panamá Oeste,Veraguas"
108,REG003,,,"India,Pakistan",Regional Kashmir conflict,"IND,PAK","Asia,Asia",Regional crisis,India,Regional Kashmir conflict,https://www.acaps.org/country/India/crisis/Regional-Kashmir-conflict,,01/04/2019,1248,,,
109,REG004,,,"Syria,Turkey,Iraq,Egypt,Jordan,Lebanon",Syrian Regional Crisis,"SYR,TUR,IRQ,EGY,JOR,LBN","Middle east,Middle east,Middle east,Africa,Middle east,Middle east",Regional crisis,Syria,Syrian Regional Crisis,https://www.acaps.org/country/Syria/crisis/Syrian-Regional-Crisis,,01/05/2019,1218,,"JOR.2_1,JOR.5_1,JOR.10_1,JOR.12_1,EGY.8_1,EGY.6_1,EGY.12_1,EGY.11_1,IRQ.6_1,IRQ.7_1,IRQ.12_1,TUR.1_1,TUR.2_1,TUR.33_1,TUR.37_1,TUR.40_1,TUR.42_1,TUR.48_1,TUR.64_1,TUR.68_1,LBN.1_1,LBN.2_1,LBN.3_1,LBN.4_1,LBN.5_1,LBN.6_1,LBN.7_1,LBN.8_1,SYR.1_1,SYR.2_1,SYR.3_1,SYR.4_1,SYR.5_1,SYR.6_1,SYR.7_1,SYR.8_1,SYR.9_1,SYR.10_1,SYR.11_1,SYR.12_1,SYR.13_1,SYR.14_1","Amman,Irbid,Mafraq,Zarqa,Al Jizah,Al Iskandariyah,Al Qalyubiyah,Al Qahirah,Arbil,As-Sulaymaniyah,Dihok,Adana,Adiyaman,Gaziantep,Hatay,Istanbul,K. Maras,Kilis,Osmaniye,Sanliurfa,Akkar,Baalbak - Hermel,Beirut,Bekaa,Mount Lebanon,Nabatiyeh,North,South,Al Ḥasakah,Aleppo,Ar Raqqah,As Suwayda',Damascus,Dar`a,Dayr Az Zawr,Hamah,Hims,Idlib,Lattakia,Quneitra,Rif Dimashq,Tartus"
110,REG006,,,"Turkey,Greece",Eastern Mediterranean Route ,"TUR,GRC","Middle east,Europe",Regional crisis,Turkey,Eastern Mediterranean Route ,https://www.acaps.org/country/Turkey/crisis/Eastern-Mediterranean-Route,,01/05/2019,1218,,"TUR.28_1,TUR.50_1,TUR.22_1,TUR.40_1,TUR.41_1,TUR.59_1,TUR.8_1,TUR.37_1,TUR.48_1,TUR.7_1,TUR.33_1,TUR.68_1,TUR.4_1,TUR.78_1,TUR.36_1,TUR.71_1,GRC.1_1","Edirne,Kirklareli,Çanakkale,Istanbul,Izmir,Mugla,Antalya,Hatay,Kilis,Ankara,Gaziantep,Sanliurfa,Agri,Van,Hakkari,Sirnak,Aegean"
111,REG007,,,"Algeria,Tunisia,Libya,Italy",Central Mediterranean Route,"DZA,TUN,LBY,ITA","Africa,Africa,Africa,Europe",Regional crisis,Algeria,Central Mediterranean Route,https://www.acaps.org/country/Algeria/crisis/Central-Mediterranean-Route,,01/04/2019,1248,,,
112,REG008,,,"Algeria,Morocco,Spain",Western Mediterranean Route,"DZA,MAR,ESP","Africa,Africa,Europe",Regional crisis,Algeria,Western Mediterranean Route,https://www.acaps.org/country/Algeria/crisis/Western-Mediterranean-Route,,01/04/2019,1248,,,
113,REG011,,,"Bangladesh,Myanmar",Rohingya Regional Crisis,"BGD,MMR","Asia,Asia",Regional crisis,Bangladesh,Rohingya Regional Crisis,https://www.acaps.org/country/Bangladesh/crisis/Rohingya-Regional-Crisis,,01/04/2019,1248,,,
114,REG012,,,"Lesotho,Madagascar,Malawi,Namibia,Eswatini,Zambia,Zimbabwe,Tanzania",Southern Africa Regional Food Security Crisis,"LSO,MDG,MWI,NAM,SWZ,ZMB,ZWE,TZA","Africa,Africa,Africa,Africa,Africa,Africa,Africa,Africa",Regional crisis,Lesotho,Southern Africa Regional Food Security Crisis,https://www.acaps.org/country/Lesotho/crisis/Southern-Africa-Regional-Food-Security-Crisis,,01/02/2020,942,,"TZA.1_1,TZA.3_1,TZA.9_1,TZA.12_1,TZA.24_1,TZA.25_1,TZA.27_1,ZWE.1_1,ZWE.2_1,ZWE.3_1,ZWE.4_1,ZWE.5_1,ZWE.6_1,ZWE.7_1,ZWE.8_1,ZWE.9_1,ZWE.10_1,ZMB.1_1,ZMB.2_1,ZMB.3_1,ZMB.4_1,ZMB.5_1,ZMB.6_1,ZMB.7_1,ZMB.8_1,ZMB.9_1,ZMB.10_1,MWI.1_1,MWI.2_1,MWI.3_1,MWI.4_1,MWI.5_1,MWI.6_1,MWI.12_1,MWI.13_1,MWI.14_1,MWI.15_1,MWI.16_1,MWI.7_1,MWI.8_1,MWI.9_1,MWI.10_1,MWI.11_1,MWI.17_1,MWI.18_1,MWI.19_1,MWI.20_1,MWI.21_1,MWI.22_1,MWI.23_1,MWI.24_1,MWI.25_1,MWI.26_1,MWI.27_1,MWI.28_1,MDG.3_1,MDG.6_1,SWZ.1_1,SWZ.2_1,SWZ.3_1,SWZ.4_1,NAM.1_1,NAM.2_1,NAM.3_1,NAM.4_1,NAM.5_1,NAM.6_1,NAM.7_1,NAM.8_1,NAM.9_1,NAM.10_1,NAM.11_1,NAM.12_1,NAM.13_1,LSO.1_1,LSO.2_1,LSO.3_1,LSO.4_1,LSO.5_1,LSO.6_1,LSO.7_1,LSO.8_1,LSO.9_1,LSO.10_1","Arusha,Dodoma,Kilimanjaro,Mara,Simiyu,Singida,Tanga,Bulawayo,Harare,Manicaland,Mashonaland Central,Mashonaland East,Mashonaland West,Masvingo,Matabeleland North,Matabeleland South,Midlands,Central,Copperbelt,Eastern,Luapula,Lusaka,Muchinga,North-Western,Northern,Southern,Western,Balaka,Blantyre,Chikwawa,Chiradzulu,Chitipa,Dedza,Machinga,Mangochi,Mchinji,Mulanje,Mwanza,Dowa,Karonga,Kasungu,Likoma,Lilongwe,Mzimba,Neno,Nkhata Bay,Nkhotakota,Nsanje,Ntcheu,Ntchisi,Phalombe,Rumphi,Salima,Thyolo,Zomba,Fianarantsoa,Toliary,Hhohho,Lubombo,Manzini,Shiselweni,!Karas,Erongo,Hardap,Kavango,Khomas,Kunene,Ohangwena,Omaheke,Omusati,Oshana,Oshikoto,Otjozondjupa,Zambezi,Berea,Butha-Buthe,Leribe,Mafeteng,Maseru,Mohale's Hoek,Mokhotlong,Qacha's Nek,Quthing,Thaba-Tseka"
115,REG013,,,"Armenia,Azerbaijan",Nagorno-Karabakh Conflict,"ARM,AZE","Middle east,Middle east",Regional crisis,Armenia,Regional Nagorno-Karabakh Conflict,https://www.acaps.org/country/Armenia/crisis/Regional-Nagorno-Karabakh-Conflict,,29/10/2020,671,,,
116,REG014,,,"Ethiopia,Somalia,Kenya",Eastern Africa Regional Drought Crisis,"ETH,SOM,KEN","Africa,Africa,Africa",Regional crisis,Ethiopia,Eastern Africa Regional Drought Crisis,https://www.acaps.org/country/Ethiopia/crisis/Eastern-Africa-Regional-Drought-Crisis,"ETH005,KEN003",02/03/2022,182,,"ETH.8_1,ETH.9_1,ETH.10_1,SOM.1_1,SOM.2_1,SOM.3_1,SOM.4_1,SOM.5_1,SOM.6_1,SOM.7_1,SOM.8_1,SOM.9_1,SOM.10_1,SOM.11_1,SOM.12_1,SOM.13_1,SOM.14_1,SOM.15_1,SOM.16_1,SOM.17_1,SOM.18_1,KEN.1_1,KEN.6_1,KEN.7_1,KEN.9_1,KEN.10_1,KEN.14_1,KEN.18_1,KEN.19_1,KEN.20_1,KEN.21_1,KEN.23_1,KEN.24_1,KEN.25_1,KEN.26_1,KEN.33_1,KEN.36_1,KEN.37_1,KEN.39_1,KEN.40_1,KEN.41_1,KEN.43_1,KEN.46_1,KEN.47_1","Oromia,Somali,Southern Nations, Nationalities and Peoples,Awdal,Bakool,Banaadir,Bari,Bay,Galguduud,Gedo,Hiiraan,Jubbada Dhexe,Jubbada Hoose,Mudug,Nugaal,Sanaag,Shabeellaha Dhexe,Shabeellaha Hoose,Sool,Togdheer,Woqooyi Galbeed,Baringo,Embu,Garissa,Isiolo,Kajiado,Kilifi,Kitui,Kwale,Laikipia,Lamu,Makueni,Mandera,Marsabit,Meru,Narok,Nyeri,Samburu,Taita Taveta,Tana River,Tharaka-Nithi,Turkana,Wajir,West Pokot"
117,ROU002,,,Romania,Displacement from Ukraine conflict in Romania,ROU,Europe,International displacement,Romania,Displacement from Ukraine conflict,https://www.acaps.org/country/Romania/crisis/Displacement-from-Ukraine-conflict,"HUN002,POL002,UKR002,MDA002,SVK002",09/03/2022,175,Subnational,"ROU.27_1,ROU.7_1,ROU.24_1,ROU.36_1,ROU.30_1,ROU.4_1,ROU.41_1,ROU.34_1","Maramureș,Botoșani,Iași,Suceava,Neamț,Bacău,Vaslui,Satu Mare"
118,RWA002,,,Rwanda,Burundi and DRC refugees in Rwanda,RWA,Africa,International displacement,Rwanda,Refugees,https://www.acaps.org/country/Rwanda/crisis/Refugees,"BDI001,COD001",Before 2019,More than 2 years,National,,
119,SDN001,,,Sudan,Complex crisis in Sudan,SDN,Africa,Multiple crises country,Sudan,Complex crisis,https://www.acaps.org/country/Sudan/crisis/Complex-crisis,,Before 2019,More than 2 years,National,,
120,SDN005,,,Sudan,Refugees in Sudan,SDN,Africa,International displacement,Sudan,Refugees,https://www.acaps.org/country/Sudan/crisis/Refugees,"ERI001,CAF001,TCD003,SYR001,YEM001",01/01/2020,973,Subnational,"SDN.6_1,SDN.7_1,SDN.18_1","Kassala,Khartoum,White Nile"
121,SDN008,,,Sudan,Violence in Darfur and Kordofan regions,SDN,Africa,Other type of violence,Sudan,Violence in Darfur and Kordofan regions,https://www.acaps.org/country/Sudan/crisis/Violence-in-Darfur-and-Kordofan-regions,,27/04/2021,491,Subnational,"SDN.16_1,SDN.4_1,SDN.5_1,SDN.8_1,SDN.9_1,SDN.14_1,SDN.15_1,SDN.17_1","West Darfur,Central Darfur,East Darfur,North Darfur,North Kurdufan,South Darfur,South Kurdufan,West Kurdufan"
122,SEN002,,,Senegal,Drought in Senegal,SEN,Africa,Drought,Senegal,Drought,https://www.acaps.org/country/Senegal/crisis/Drought,,Before 2019,More than 2 years,National,,
123,SLV001,,,El Salvador,Complex crisis in El Salvador,SLV,Americas,Complex crisis,El Salvador,Complex crisis,https://www.acaps.org/country/El Salvador/crisis/Complex-crisis,,Before 2019,More than 2 years,National,,
124,SOM001,,,Somalia,Complex crisis in Somalia,SOM,Africa,Complex crisis,Somalia,Complex crisis,https://www.acaps.org/country/Somalia/crisis/Complex-crisis,"KEN002,ETH003,YEM002,UGA005",Before 2019,More than 2 years,National,,
125,SOM002,,,Somalia,Mixed Migration Flows in Somalia,SOM,Africa,International displacement,Somalia,Mixed Migration,https://www.acaps.org/country/Somalia/crisis/Mixed-Migration,"YEM001,ETH001",01/04/2019,1248,Subnational,SOM.18_1,Woqooyi Galbeed
126,SSD001,,,South Sudan,Complex crisis in South Sudan,SSD,Africa,Complex crisis,South Sudan,Complex crisis,https://www.acaps.org/country/South Sudan/crisis/Complex-crisis,"KEN002,UGA005,SDN005,ETH003",Before 2019,More than 2 years,National,,
127,SVK002,,,Slovakia,Displacement from Ukraine conflict in Slovakia,SVK,Europe,International displacement,Slovakia,Displacement from Ukraine conflict,https://www.acaps.org/country/Slovakia/crisis/Displacement-from-Ukraine-conflict,"UKR002,HUN002,POL002,MDA002,ROU002",07/03/2022,177,Subnational,SVK.3_1,Košický
128,SWZ001,,,Eswatini,Food Security Crisis in Eswatini,SWZ,Africa,Food Security,Eswatini,Food Security Crisis,https://www.acaps.org/country/Eswatini/crisis/Food-Security-Crisis,,11/11/2020,658,National,,
129,SYR001,,,Syria,Syrian conflict,SYR,Middle east,Complex crisis,Syria,Conflict,https://www.acaps.org/country/Syria/crisis/Conflict,,Before 2019,More than 2 years,National,,
130,TCD001,,,Chad,Complex crisis in Chad,TCD,Africa,Multiple crises country,Chad,Complex crisis,https://www.acaps.org/country/Chad/crisis/Complex-crisis,,Before 2019,More than 2 years,National,,
131,TCD003,,,Chad,Boko Haram in Chad,TCD,Africa,Conflict,Chad,Boko Haram ,https://www.acaps.org/country/Chad/crisis/Boko-Haram,"NER002,NGA004,TCD003",Before 2019,More than 2 years,Subnational,TCD.10_1,Lac
132,TCD004,,,Chad,CAR refugees in Chad,TCD,Africa,International displacement,Chad,CAR refugees,https://www.acaps.org/country/Chad/crisis/CAR-refugees,,Before 2019,More than 2 years,Subnational,"TCD.11_1,TCD.12_1,TCD.13_1,TCD.16_1,TCD.18_1","Logone Occidental,Logone Oriental,Mandoul,Moyen-Chari,Salamat"
133,TCD005,,,Chad,Darfur refugees in Chad,TCD,Africa,International displacement,Chad,Darfur refugees,https://www.acaps.org/country/Chad/crisis/Darfur-refugees,,Before 2019,More than 2 years,Subnational,"TCD.5_1,TCD.23_1,TCD.17_1,TCD.19_1","Ennedi Est,Wadi Fira,Ouaddaï,Sila"
134,TCD006,,,Chad,Tibesti Conflict in Chad,TCD,Africa,Conflict,Chad,Tibesti conflict,https://www.acaps.org/country/Chad/crisis/Tibesti-conflict,,Before 2019,More than 2 years,Subnational,TCD.21_1,Tibesti
135,THA001,,,Thailand,Multiple situations in Thailand,THA,Asia,Multiple crises country,Thailand,Country level,https://www.acaps.org/country/Thailand/crisis/Country-level,,Before 2019,More than 2 years,National,,
136,THA002,,,Thailand,Conflict in southern Thailand ,THA,Asia,Conflict,Thailand,Conflict,https://www.acaps.org/country/Thailand/crisis/Conflict,,Before 2019,More than 2 years,Subnational,"THA.76_1,THA.64_1,THA.38_1,THA.33_1","Yala,Songkhla,Pattani,Narathiwat"
137,THA003,,,Thailand,Myanmar refugees in Thailand,THA,Asia,International displacement,Thailand,Refugees,https://www.acaps.org/country/Thailand/crisis/Refugees,MMR002,Before 2019,More than 2 years,Subnational,"THA.52_1,THA.69_1,THA.16_1,THA.23_1","Ratchaburi,Tak,Kanchanaburi,Mae Hong Son"
138,TON002,,,Tonga,Tonga Volcano Eruption,TON,Pacific,Volcano,Tonga,Volcano Eruption,https://www.acaps.org/country/Tonga/crisis/Volcano-Eruption,,19/01/2022,224,National,,
139,TTO002,,,Trinidad and Tobago,Venezuelan refugees in Trinidad and Tobago,TTO,Americas,International displacement,Trinidad and Tobago,Venezuelan refugees,https://www.acaps.org/country/Trinidad and Tobago/crisis/Venezuelan-refugees,VEN001,01/02/2019,1307,National,,
140,TUN002,,,Tunisia,Mixed migration flows in Tunisia,TUN,Africa,International displacement,Tunisia,Mixed Migration,https://www.acaps.org/country/Tunisia/crisis/Mixed-Migration,,Before 2019,More than 2 years,National,,
141,TUR001,,,Turkey,Complex situation in Turkey,TUR,Middle east,Multiple crises country,Turkey,Country level,https://www.acaps.org/country/Turkey/crisis/Country-level,,Before 2019,More than 2 years,National,,
142,TUR002,,,Turkey,Syrian Refugees in Turkey,TUR,Middle east,International displacement,Turkey,Syrian refugees,https://www.acaps.org/country/Turkey/crisis/Syrian-refugees,,Before 2019,More than 2 years,Subnational,"TUR.1_1,TUR.2_1,TUR.33_1,TUR.37_1,TUR.40_1,TUR.42_1,TUR.64_1,TUR.48_1,TUR.68_1","Adana,Adiyaman,Gaziantep,Hatay,Istanbul,K. Maras,Osmaniye,Kilis,Sanliurfa"
143,TUR003,,,Turkey,Mixed Migration Flows in Turkey,TUR,Middle east,International displacement,Turkey,Mixed Migration,https://www.acaps.org/country/Turkey/crisis/Mixed-Migration,,Before 2019,More than 2 years,Subnational,"TUR.28_1,TUR.50_1,TUR.22_1,TUR.40_1,TUR.41_1,TUR.59_1,TUR.8_1,TUR.37_1,TUR.48_1,TUR.7_1,TUR.33_1,TUR.68_1,TUR.4_1,TUR.78_1,TUR.36_1,TUR.71_1","Edirne,Kirklareli,Çanakkale,Istanbul,Izmir,Mugla,Antalya,Hatay,Kilis,Ankara,Gaziantep,Sanliurfa,Agri,Van,Hakkari,Sirnak"
144,TUR004,,,Turkey,Kurdish Conflict,TUR,Middle east,Conflict,Turkey,Kurdish conflict,https://www.acaps.org/country/Turkey/crisis/Kurdish-conflict,,Before 2019,More than 2 years,Subnational,"TUR.31_1,TUR.44_1,TUR.72_1,TUR.49_1,TUR.30_1,TUR.45_1,TUR.55_1,TUR.76_1,TUR.29_1,TUR.17_1,TUR.60_1,TUR.4_1,TUR.2_1,TUR.26_1,TUR.69_1,TUR.18_1,TUR.78_1,TUR.68_1,TUR.57_1,TUR.36_1","Erzurum,Karaman,Sivas,Kinkkale,Erzincan,Kars,Malatya,Tunceli,Elazığ,Bingöl,Mus,Agri,Adiyaman,Diyarbakir,Siirt,Bitlis,Van,Sanliurfa,Mardin,Hakkari"
145,TZA001,,,Tanzania,Multiple Crises in Tanzania,TZA,Africa,Multiple crises country,Tanzania,Country level,https://www.acaps.org/country/Tanzania/crisis/Country-level,,15/03/2022,169,Subnational,"TZA.27_1,TZA.26_1,TZA.25_1,TZA.24_1,TZA.12_1,TZA.9_1,TZA.8_1,TZA.7_1,TZA.3_1,TZA.2_1,TZA.1_1","Tanga,Tabora,Singida,Simiyu,Mara,Kilimanjaro,Kigoma,Katavi,Dodoma,Dar es Salaam,Arusha"
146,TZA002,,,Tanzania,International Displacement in Tanzania,TZA,Africa,International displacement,Tanzania,Refugees,https://www.acaps.org/country/Tanzania/crisis/Refugees,"BDI001,COD001",Before 2019,More than 2 years,Subnational,"TZA.7_1,TZA.8_1,TZA.2_1,TZA.26_1,TZA.27_1","Katavi,Kigoma,Dar es Salaam,Tabora,Tanga"
147,TZA003,,,Tanzania,Food Security Crisis in North-East Tanzania,TZA,Africa,Food Security,Tanzania,Food security in North-East,https://www.acaps.org/country/Tanzania/crisis/Food-security-in-North-East,,15/03/2022,169,Subnational,"TZA.3_1,TZA.1_1,TZA.25_1,TZA.24_1,TZA.12_1,TZA.9_1,TZA.27_1","Dodoma,Arusha,Singida,Simiyu,Mara,Kilimanjaro,Tanga"
148,UGA001,,,Uganda,Multiple crises in Uganda,UGA,Africa,Multiple crises country,Uganda,Country level,https://www.acaps.org/country/Uganda/crisis/Country-level,"UGA007,UGA005",Before 2019,More than 2 years,,"UGA.1_1,UGA.3_1,UGA.16_1,UGA.18_1,UGA.28_1,UGA.40_1,UGA.45_1","Adjumani,Arua,Kampala,Kamwenge,Kotido,Moroto,Nakapiripirit"
149,UGA005,,,Uganda,International Displacement in Uganda,UGA,Africa,International displacement,Uganda,Refugees,https://www.acaps.org/country/Uganda/crisis/Refugees,"SSD001,COD001,UGA001",01/11/2019,1034,Subnational,"UGA.1_1,UGA.3_1,UGA.16_1,UGA.18_1,UGA.58_1,UGA.41_1,UGA.9_1,UGA.51_1,UGA.36_1","Adjumani,Arua,Kampala,Kamwenge,Yumbe,Moyo,Hoima,Rakai,Masindi"
150,UGA007,,,Uganda,Food Security Crisis in Karamoja Region,UGA,Africa,Food Security,Uganda,Food Security Crisis in Karamoja Region,https://www.acaps.org/country/Uganda/crisis/Food-Security-Crisis-in-Karamoja-Region,UGA001,25/07/2022,37,Subnational,"UGA.28_1,UGA.40_1,UGA.45_1","Kotido,Moroto,Nakapiripirit"
151,UKR002,,,Ukraine,Conflict in Ukraine,UKR,Europe,Conflict,Ukraine,Conflict,https://www.acaps.org/country/Ukraine/crisis/Conflict,"HUN002,MDA002,ROU002,POL002,SVK002",Before 2019,More than 2 years,National,,
152,VEN001,,,Venezuela,Complex crisis in Venezuela,VEN,Americas,Complex crisis,Venezuela,Complex crisis,https://www.acaps.org/country/Venezuela/crisis/Complex-crisis,"PER002,BRA002,TTO002,COL002,ECU002",Before 2019,More than 2 years,National,,
153,YEM001,,,Yemen,Conflict in Yemen,YEM,Middle east,Complex crisis,Yemen,Complex crisis,https://www.acaps.org/country/Yemen/crisis/Complex-crisis,,Before 2019,More than 2 years,National,,
154,YEM002,,,Yemen,Mixed migration flows in Yemen,YEM,Middle east,International displacement,Yemen,Mixed Migration,https://www.acaps.org/country/Yemen/crisis/Mixed-Migration,,01/02/2019,1307,National,,
155,ZMB002,,,Zambia,Drought in Zambia,ZMB,Africa,Drought,Zambia,Drought,https://www.acaps.org/country/Zambia/crisis/Drought,,Before 2019,More than 2 years,National,,
156,ZWE001,,,Zimbabwe,Complex crisis in Zimbabwe,ZWE,Africa,Complex crisis,Zimbabwe,Complex crisis,https://www.acaps.org/country/Zimbabwe/crisis/Complex-crisis,,Before 2019,More than 2 years,National,,
