,Unnamed: 0,Unnamed: 1,Unnamed: 2,Unnamed: 3,Unnamed: 4,Unnamed: 5,Unnamed: 6,Unnamed: 7,Unnamed: 8,Unnamed: 9,Unnamed: 10,Unnamed: 11,Unnamed: 12,Unnamed: 13,Unnamed: 14,Unnamed: 15,Unnamed: 16,Unnamed: 17,Unnamed: 18,Unnamed: 19,Unnamed: 20,Unnamed: 21,Unnamed: 22,Unnamed: 23,Unnamed: 24,Unnamed: 25,Unnamed: 26,Unnamed: 27,Unnamed: 28,Unnamed: 29,Unnamed: 30,Unnamed: 31,Unnamed: 32,Unnamed: 33,Unnamed: 34,Unnamed: 35,Unnamed: 36,Unnamed: 37,Unnamed: 38,Unnamed: 39,Unnamed: 40,Unnamed: 41,Unnamed: 42,Unnamed: 43,Unnamed: 44,Unnamed: 45,Unnamed: 46,Unnamed: 47,Unnamed: 48,Unnamed: 49,Unnamed: 50,Unnamed: 51,Unnamed: 52,Unnamed: 53,Unnamed: 54
0,Country,Crisis,Crisis ID,Trend,2019-01-01 00:00:00,2019-02-01 00:00:00,2019-03-01 00:00:00,2019-04-01 00:00:00,2019-05-01 00:00:00,2019-06-01 00:00:00,2019-07-01 00:00:00,2019-08-01 00:00:00,2019-09-01 00:00:00,2019-10-01 00:00:00,2019-11-01 00:00:00,2019-12-01 00:00:00,2020-01-01 00:00:00,2020-02-01 00:00:00,2020-03-01 00:00:00,2020-04-01 00:00:00,2020-05-01 00:00:00,2020-06-01 00:00:00,2020-07-01 00:00:00,2020-08-01 00:00:00,2020-09-01 00:00:00,2020-10-01 00:00:00,2020-11-01 00:00:00,2020-12-01 00:00:00,2021-01-01 00:00:00,2021-02-01 00:00:00,2021-03-01 00:00:00,2021-04-01 00:00:00,2021-05-01 00:00:00,2021-06-01 00:00:00,2021-07-01 00:00:00,2021-08-01 00:00:00,2021-09-01 00:00:00,2021-10-01 00:00:00,2021-11-01 00:00:00,2021-12-01 00:00:00,2022-01-01 00:00:00,2022-02-01 00:00:00,2022-03-01 00:00:00,2022-04-01 00:00:00,2022-05-01 00:00:00,2022-06-01 00:00:00,2022-07-01 00:00:00,2022-08-01 00:00:00,2022-09-01 00:00:00,2022-10-01 00:00:00,2022-11-01 00:00:00,2022-12-01 00:00:00,2023-01-01 00:00:00,2023-02-01 00:00:00,2023-03-01 00:00:00
1,Afghanistan,Complex crisis in Afghanistan,AFG001,Stable,4.4,4.4,4.4,4.5,4.5,4.5,4.5,4.5,4.5,4.4,4.4,4.4,4.4,4.4,4.5,4.5,4.5,4.5,4.5,4.5,4.6,4.6,4.6,4.6,4.6,4.6,4.6,4.6,4.6,4.7,4.7,4.7,4.7,4.7,4.7,4.7,4.6,4.6,4.6,4.5,4.4,4.5,4.5,4.5,4.5,4.5,4.5,4.5,4.5,4.5,4.5
2,,,AFG002,-,4.1,-,-,-,-,-,-,-,-,-,-,-,-,-,-,-,-,-,-,-,-,-,-,-,-,-,-,-,-,-,-,-,-,-,-,-,-,-,-,-,-,-,-,-,-,-,-,-,-,-,-
3,,,AFG003,-,3.9,-,-,-,-,-,-,-,-,-,-,-,-,-,-,-,-,-,-,-,-,-,-,-,-,-,-,-,-,-,-,-,-,-,-,-,-,-,-,-,-,-,-,-,-,-,-,-,-,-,-
4,,,AFG004,-,-,-,2.1,2.2,-,-,-,-,-,-,-,-,-,-,-,-,-,-,-,-,-,-,-,-,-,-,-,-,-,-,-,-,-,-,-,-,-,-,-,-,-,-,-,-,-,-,-,-,-,-,-
5,Afghanistan,Earthquake in Khost and Paktika,AFG005,Stable,-,-,-,-,-,-,-,-,-,-,-,-,-,-,-,-,-,-,-,-,-,-,-,-,-,-,-,-,-,-,-,-,-,-,-,-,-,-,-,-,-,3,3,3,3,3,3,3,3,3,3
6,Angola,Drought in South-West Angola,AGO002,Decreasing,-,-,-,-,-,-,-,-,-,-,-,-,-,-,-,-,-,-,-,-,-,-,-,-,-,-,-,-,-,-,-,-,-,-,-,3.1,3.1,3.1,3.1,3.1,3.1,3.2,3.2,3.3,3.3,3.3,3.1,3.1,3.1,3.1,3.1
7,,,ARG002,-,-,0.9,-,-,-,-,-,-,-,-,-,-,-,-,-,-,-,-,-,-,-,-,-,-,-,-,-,-,-,-,-,-,-,-,-,-,-,-,-,-,-,-,-,-,-,-,-,-,-,-,-
8,Armenia,Nagorno-Karabakh Conflict in Armenia,ARM002,Decreasing,-,-,-,-,-,-,-,-,-,-,-,-,-,-,-,-,-,-,-,-,-,-,-,-,1.7,1.7,1.6,1.7,1.7,1.7,1.7,1.6,1.6,1.5,1.5,1.5,1.5,1.5,1.5,1.5,1.5,1.3,1.3,1.3,1.3,1.3,1.3,1.3,1.3,1.3,1.1
9,Azerbaijan,Nagorno-Karabakh conflict in Azerbaijan,AZE002,Stable,-,-,-,-,-,-,-,-,-,-,-,-,-,-,-,-,-,-,-,-,-,-,-,-,-,-,-,-,-,-,-,-,-,-,-,-,-,-,-,-,-,-,1.8,1.8,1.8,1.8,1.8,1.8,1.8,1.8,1.8
10,Burundi,Complex in Burundi,BDI001,Stable,-,3.5,3.5,3.8,3.8,3.8,3.8,3.8,3.8,3.8,3.8,3.8,3.7,3.7,3.3,3.3,3.2,3.3,3.3,3.3,3.3,3.4,3.3,3.3,3.3,3.3,3.8,3.8,3.8,3.8,3.8,3.8,3.8,3.8,3.8,3.8,3.8,3.8,3.5,3.5,3.5,3.5,3.5,3.5,3.5,3.5,3.5,3.5,3.5,3.5,3.5
11,,,BDI002,-,-,3.5,3.5,-,-,-,-,-,-,-,-,-,-,-,-,-,-,-,-,-,-,-,-,-,-,-,-,-,-,-,-,-,-,-,-,-,-,-,-,-,-,-,-,-,-,-,-,-,-,-,-
12,,,BDI003,-,-,1.7,1.7,-,-,-,-,-,-,-,-,-,-,-,-,-,-,-,-,-,-,-,-,-,-,-,-,-,-,-,-,-,-,-,-,-,-,-,-,-,-,-,-,-,-,-,-,-,-,-,-
13,Burkina Faso,Conflict in Burkina Faso,BFA002,Increasing,-,3,3.1,3.2,3.2,3.1,3.2,3.2,3.2,3.2,3.2,3.2,3.2,3.4,3.4,3.4,3.4,3.9,3.9,3.9,3.9,3.8,3.9,4,3.9,3.9,3.9,4,4,4,4,4,4,4,3.9,3.9,3.9,3.9,3.9,3.9,3.9,3.9,3.9,3.9,3.7,3.8,3.8,3.7,3.7,4,4
14,,,BFA003,-,-,-,-,-,-,-,-,-,-,-,-,-,-,-,-,-,-,-,-,-,2.4,2.3,2.4,2.4,2.4,-,-,-,-,-,-,-,-,-,-,-,-,-,-,-,-,-,-,-,-,-,-,-,-,-,-
15,,,BFA004,-,-,-,-,-,-,-,-,-,-,-,-,-,-,-,-,-,-,-,-,-,-,-,3.9,3.9,3.8,-,-,-,-,-,-,-,-,-,-,-,-,-,-,-,-,-,-,-,-,-,-,-,-,-,-
16,,,BGD001,-,-,-,-,-,-,-,-,-,-,-,-,-,-,-,-,-,-,2.9,3.2,3.2,3.2,2.9,2.9,2.9,-,-,-,-,-,-,-,-,-,-,-,-,-,-,-,-,-,3.4,3.4,3.4,3.4,3.4,3.4,3.4,-,-,-
17,Bangladesh,Rohingya refugee crisis,BGD002,Stable,-,3.3,3.3,3.1,3.1,3.1,3.1,3.1,3.1,3.2,3.2,3.2,3.2,3.2,3.1,3.1,3.2,3.3,3.3,3.3,3.3,3.3,3.3,3.3,3.2,3.2,3.2,3.2,3.2,3.2,3.2,3.2,3.1,3.1,3.2,3.2,3.2,3.2,3.2,3.2,3,3,3.1,3,3.1,3,3,3,3,3,3
18,,,BGD004,-,-,-,-,-,-,-,-,3.1,3.1,3.2,3.2,3.2,3.2,3.2,3.2,3.2,3.2,3.1,3.3,3.3,3.3,3.3,-,-,-,-,-,-,-,-,-,-,-,-,-,-,-,-,-,-,-,-,-,-,-,-,-,-,-,-,-
19,,,BGD006,-,-,-,-,-,-,-,-,-,-,-,-,-,-,-,-,-,-,2.4,2.5,2.5,2.5,2.5,2.6,2.6,-,-,-,-,-,-,-,-,-,-,-,-,-,-,-,-,-,-,-,-,-,-,-,-,-,-,-
20,,,BGD007,-,-,-,-,-,-,-,-,-,-,-,-,-,-,-,-,-,-,-,-,-,2.1,2.1,2.4,-,-,-,-,-,-,-,-,-,-,-,-,-,-,-,-,-,-,-,-,-,-,-,-,-,-,-,-
21,,,BGD008,-,-,-,-,-,-,-,-,-,-,-,-,-,-,-,-,-,-,-,-,-,-,-,-,-,-,-,-,-,-,-,-,-,-,-,-,-,-,-,-,-,-,3.1,3,3,3,3,3,3,-,-,-
22,,,BHS002,-,-,-,-,-,-,-,-,-,-,1.7,1.7,1.7,1.7,1.7,-,-,-,-,-,-,-,-,-,-,-,-,-,-,-,-,-,-,-,-,-,-,-,-,-,-,-,-,-,-,-,-,-,-,-,-,-
23,,,BIH002,-,-,0.8,-,-,-,-,-,-,-,-,-,-,-,-,-,-,-,-,-,-,-,-,-,-,-,-,-,-,-,-,-,-,-,-,-,-,-,-,-,-,-,-,-,-,-,-,-,-,-,-,-
24,Brazil,Country level Brazil,BRA001,Decreasing,-,-,-,-,-,-,-,-,-,-,-,-,-,-,-,-,-,-,-,-,-,-,-,-,-,-,-,-,-,-,-,-,-,-,-,-,2.2,2.2,2.1,2.1,2.1,2.8,2.8,2.5,2.8,2.8,2.8,2.8,2.7,2.7,2.7
25,Brazil,Venezuela displacement in Brazil,BRA002,Increasing,-,1.7,1.7,2.2,2.4,2.4,2.4,2.4,2.4,2.4,2.2,2.2,2.2,2.2,2.2,2.2,2.2,2.2,2.2,2.2,2.3,2.4,2.5,2.5,2.5,2.5,2.5,2.5,2.5,2.6,2.6,2.6,2.6,2.5,2.5,2.5,2.5,2.5,2.4,2.4,2.4,2.4,2.4,2.3,2.4,2.4,2.4,2.4,2.6,2.6,2.7
26,Brazil,Floods in rainy season 2022,BRA003,Decreasing,-,-,-,-,-,-,-,-,-,-,-,-,-,-,-,-,-,-,-,-,-,-,-,-,-,-,-,-,-,-,-,-,-,-,-,-,1.9,2,2,2,2,2.2,2.1,2,2.1,2,2,2,2,2,1.6
27,CAR,Complex crisis in CAR,CAF001,Stable,-,4,4,4,4,4,4,4,4,4,3.9,3.9,3.9,3.9,4,4,4,4,4,4,4,4,4,4,4,4,4.1,4.1,4.1,4.2,4.2,4.2,4.2,4.2,4.2,4.2,4.2,4.2,4.2,4.1,4.2,4.1,4.1,4.1,4.1,4.1,4.1,4.1,4.1,4.1,4.1
28,,,CAF002,-,-,-,-,-,-,-,-,-,-,-,-,2.3,2.3,2.3,2.3,2.3,-,-,-,-,-,-,-,-,-,-,-,-,-,-,-,-,-,-,-,-,-,-,-,-,-,-,-,-,-,-,-,-,-,-,-
29,Chile,Venezuela displacement in Chile,CHL002,Stable,-,-,-,-,-,-,-,-,-,-,-,-,-,-,-,-,-,-,-,-,-,-,-,-,-,-,-,-,-,-,-,-,-,-,-,-,-,2.1,2.1,2.2,2.2,2.6,2.6,2.6,2.6,2.5,2.5,2.5,2.5,2.5,2.5
30,,,CHN002,-,-,-,-,-,-,-,-,-,-,-,-,-,-,-,-,-,-,-,2.9,2.9,2.9,3,-,-,-,-,-,-,-,-,-,-,-,-,-,-,-,-,-,-,-,-,-,-,-,-,-,-,-,-,-
31,,,CHN003,-,-,-,-,-,-,-,-,-,-,-,-,-,-,-,-,-,-,-,-,-,-,-,-,-,-,-,-,-,-,-,-,2.4,-,-,-,-,-,-,-,-,-,-,-,-,-,-,-,-,-,-,-
32,Cameroon,Multiple crises in Cameroon,CMR001,Stable,-,4,4,4.1,4.1,4,4.1,3.9,4,4,4,4,4,4,3.6,3.6,3.5,3.6,3.6,3.6,3.6,3.6,3.7,3.7,3.7,3.7,3.7,3.7,4.1,4.1,4.1,4.1,4.1,4.2,4.2,4.2,4.2,4.2,4.2,4.2,4.1,4.1,4.1,4.1,3.9,4,4,4,4,4,4
33,Cameroon,Boko Haram in Cameroon,CMR002,Decreasing,-,3.6,3.6,3.8,3.8,3.8,3.8,3.8,3.8,3.7,3.7,3.7,3.7,3.7,3.6,3.6,3.6,3.6,3.6,3.1,3.1,3.1,3.2,3.2,3.2,3.2,3.2,3.2,3.2,3.3,3.3,3.3,3.3,3.6,3.6,3.6,3.6,3.6,3.6,3.6,3.7,3.7,3.7,3.5,3.5,3.5,3.5,3.5,3.5,3.4,3.4
34,Cameroon,Anglophone Crisis in Cameroon,CMR003,Stable,-,3.2,3.2,3.5,3.5,3.5,3.5,3.6,3.6,3.6,3.6,3.6,3.6,3.6,3.1,3.1,3.1,3.1,3.1,3.3,3.3,3.3,3.4,3.4,3.3,3.4,3.4,3.4,3.4,3.4,3.4,3.4,3.4,3.4,3.4,3.4,3.4,3.4,3.8,3.8,3.6,3.6,3.4,3.4,3.4,3.4,3.4,3.4,3.4,3.4,3.4
35,Cameroon,CAR refugees in Cameroon,CMR004,Stable,-,3.3,3.3,3.1,3.1,3.1,3.1,2.7,2.8,2.6,2.6,2.6,2.6,2.6,2.6,2.6,2.5,2.6,2.6,2.6,2.5,2.5,2.6,2.6,2.8,2.8,2.8,2.8,2.8,2.8,2.8,2.8,2.8,2.8,2.8,2.8,2.8,2.8,3.1,3.1,3.1,3.1,2.9,2.9,2.9,2.9,2.9,2.9,2.9,2.9,2.9
36,DRC,Complex crisis in DRC,COD001,Increasing,-,4.4,4.4,4.4,4.2,4.2,4.2,4.2,4.2,4.2,4.2,4.2,4.2,4,4.2,4.2,4.2,4.2,4.2,4.2,4.2,4.5,4.5,4.5,4.5,4.5,4.5,4.5,4.5,4.5,4.5,4.5,4.5,4.5,4.5,4.5,4.5,4.5,4.5,4.5,4.5,4.2,4.2,4.2,4.2,4.2,4.2,4.2,4.2,4.5,4.5
37,,,COD002,-,-,-,-,-,-,-,-,-,-,-,-,2.7,2.7,2.5,2.7,2.7,-,-,-,-,-,-,-,-,-,-,-,-,-,-,-,-,-,-,-,-,-,-,-,-,-,-,-,-,-,-,-,-,-,-,-
38,,,COD003,-,-,-,-,-,-,-,-,-,-,-,-,-,-,-,-,-,-,2.4,2.6,2.6,2.6,2.6,2.6,2.6,2.6,-,-,-,-,-,-,-,-,-,-,-,-,-,-,-,-,-,-,-,-,-,-,-,-,-,-
39,Congo,Complex crisis in Congo,COG001,Increasing,-,-,-,-,-,-,-,-,-,-,-,-,-,-,-,-,-,-,-,-,-,-,-,-,3.2,3.2,3.2,3.2,3.2,3.3,3.3,3.3,3.3,3.3,3.3,3.3,3.3,3.3,3.3,3.3,3.2,2.4,2.4,2.1,2.1,2.1,2.1,2.1,2.2,2.2,2.2
40,,,COG002,-,-,2.5,2.5,2.4,2.4,2.4,2.4,2.4,2.4,2.4,1.7,1.8,1.8,1.8,1.8,1.8,1.8,1.7,1.7,1.7,1.6,2.2,-,-,-,-,-,-,-,-,-,-,-,-,-,-,-,-,-,-,-,-,-,-,-,-,-,-,-,-,-
41,,,COG004,-,-,-,-,-,-,-,-,-,-,-,-,-,-,-,-,-,-,-,-,-,-,-,2.2,2.2,2.2,2.2,-,-,-,-,-,-,-,-,-,-,-,-,-,-,-,-,-,-,-,-,-,-,-,-,-
42,Colombia,Complex crisis in Colombia,COL001,Stable,-,3.9,3.9,4,4,4,4,4,4,4.1,4.1,4.1,4.1,3.8,3.8,4.2,4.2,4.2,4.2,4.2,4.2,4.2,4.1,3.9,3.9,3.9,3.9,3.9,3.7,3.7,3.7,3.7,4,4.1,4.1,4.1,4.1,4.1,3.9,3.9,3.9,3.9,3.9,4,4,4,4,4,4,4,4.1
43,Colombia,Venezuela displacement in Colombia,COL002,Decreasing,-,2.8,2.8,3.3,3.3,3.3,3.3,3.3,3.3,3.3,3.3,3.3,3.3,3.4,3.4,3.4,3.4,3.4,3.4,3.4,3.4,3.4,3.4,3.4,3.4,3.4,3.4,3.4,3.4,3.4,3.4,3.4,3.5,3.5,3.5,3.5,3.5,3.5,3.5,3.5,3.5,3.5,3.5,3.4,3.4,3.4,3.7,3.7,3.5,3.5,3.5
44,,,COL003,-,-,-,-,-,-,-,-,-,-,-,-,-,-,-,-,-,-,-,-,-,-,-,2.2,2,2.1,2.1,2.1,2.1,-,-,-,-,-,-,-,-,-,-,-,-,-,-,-,-,-,-,-,-,-,-,-
45,,,COM002,-,-,-,-,2,2,-,-,-,-,-,-,-,-,-,-,-,-,-,-,-,-,-,-,-,-,-,-,-,-,-,-,-,-,-,-,-,-,-,-,-,-,-,-,-,-,-,-,-,-,-,-
46,Costa Rica,Nicaraguan refugees in Costa Rica,CRI002,Decreasing,-,-,-,0.8,0.8,0.8,0.8,0.8,0.8,0.8,0.8,0.8,1.3,1.2,1,1,1,1.1,1.1,1.1,1.1,1.1,1.1,1.1,1.2,1.2,1.2,1.2,1.2,1.2,1.2,1.2,1.2,1.1,1.1,1.1,1.1,1.1,1.1,1.1,1.1,1.3,2.1,2.1,2.1,2.1,2.1,2.1,2.1,2.1,1.5
47,Djibouti,Multiple crises in Djibouti,DJI001,Increasing,-,2.6,2.9,2.9,-,-,-,-,-,-,-,2.9,2.9,2.9,2.9,2.9,2.9,2.9,2.9,2.9,2.9,2.9,3,3,3,2.7,2.7,2.7,2.7,2.7,2.6,2.6,2.8,2.8,2.8,2.8,2.7,2.7,2.7,2.7,2.5,2.5,2.5,2.5,2.5,2.6,2.6,2.7,2.7,2.7,2.7
48,Djibouti,Mixed migration in Djibouti,DJI002,Increasing,-,1.4,1.4,1.7,1.7,1.7,1.7,1.4,1.4,1.4,1.4,1.4,1.4,1.4,1.4,1.4,1.4,1.4,1.4,1.4,1.5,1.5,1.8,1.8,1.8,1.8,1.8,1.8,1.8,1.8,1.7,1.7,1.7,1.7,1.7,1.7,1.7,1.7,1.7,1.7,1.5,1.5,1.8,1.8,1.8,1.9,1.9,2,2,2,2
49,Djibouti,Drought in Djibouti,DJI003,Increasing,-,2.6,2.8,2.8,2.9,2.8,2.8,2.7,2.7,2.7,2.8,2.8,2.8,2.8,2.8,2.8,2.8,2.8,2.8,2.8,2.9,2.9,3.1,3.1,3.1,2.8,2.8,2.8,2.8,2.8,2.4,2.4,2.6,2.6,2.6,2.6,2.6,2.6,2.6,2.6,2.4,2.4,2.6,2.6,2.6,2.6,2.6,2.7,2.7,2.7,2.7
50,,,DJI004,-,-,-,-,-,-,-,-,-,-,-,-,2.3,2.3,2.3,2.3,2.3,2.3,2.3,-,-,-,-,-,-,-,-,-,-,-,-,-,-,-,-,-,-,-,-,-,-,-,-,-,-,-,-,-,-,-,-,-
51,Dominican Republic,Venezuela displacement in Dominican Republic,DOM002,Stable,-,-,-,-,-,-,-,-,-,-,-,-,-,-,-,-,-,-,-,-,-,-,-,-,-,-,-,-,-,-,-,-,-,-,-,-,-,1.9,1.8,1.8,1.8,2.1,2.1,2.1,2.1,2.2,2.2,2.2,2.2,2.2,2.2
52,Algeria,Mixed migration flows in Algeria,DZA002,Stable,-,-,-,-,-,-,-,-,-,-,-,-,-,-,-,-,-,-,-,-,-,-,-,-,-,-,-,-,-,-,-,-,-,-,-,-,-,-,-,-,-,-,2.6,2.6,2.6,2.6,2.7,2.7,2.7,2.7,2.7
53,Algeria,Sahrawi refugees in Algeria,DZA003,Increasing,-,2.2,2.2,1.6,1.6,1.6,1.6,1.6,1.6,1.6,2.2,2.2,2.2,2.2,2.2,2.2,2.2,2.2,2.2,2.2,2.2,2.2,2.3,2.3,2.3,2.3,2.3,2.3,2.3,2.2,2.2,2.2,2.2,2.3,2.3,2.3,2.3,2.3,2.3,2.3,2.3,2.3,2.3,2.1,2.1,2.1,2.1,2.2,2.2,2.2,2.2
54,Algeria,Multiple crises in Algeria,DZA004,Stable,-,-,-,-,-,-,-,-,-,-,-,-,-,-,-,-,-,-,-,-,-,-,-,-,-,-,-,-,-,-,-,-,-,-,-,-,-,-,-,-,-,-,-,2.6,2.6,2.7,2.7,2.7,2.7,2.7,2.7
55,Ecuador,Venezuela displacement in Ecuador,ECU002,Stable,-,1.7,1.7,2.3,2.3,2.4,2.3,2.3,2.3,2.3,2.3,2.3,2.3,2.4,2.5,2.4,2.4,2.4,2.4,2.4,2.4,2.4,2.4,2.4,2.3,2.3,2.3,2.3,2.3,2.3,2.3,2.3,2.3,2.3,2.3,2.3,2.3,2.5,2.5,2.5,2.5,2.5,2.7,2.7,2.7,2.8,2.8,2.8,2.8,2.8,2.8
56,Egypt,Syrian Refugee Crisis in Egypt,EGY002,Increasing,-,1,1,1.7,1.7,1.7,1.7,1.7,1.7,1.7,1.7,1.7,1.7,1.7,1.7,2.1,2.1,2.2,2.2,2.2,2.2,2.2,2.4,2.4,3.1,3.1,2.9,2.4,2.4,2.3,2.3,2.3,2.3,2.3,2.3,2.3,2.3,2.3,2.3,2.3,2.9,2.9,1.7,1.7,1.7,1.7,1.7,1.8,1.8,1.8,1.7
57,Eritrea,Complex crisis in Eritrea,ERI001,Stable,-,3.4,3.4,3.8,3.8,3.8,3.8,3.8,3.8,3.8,3.8,3.8,3.8,3.8,3.8,3.8,3.8,3.8,3.8,3.8,3.8,3.8,3.7,3.7,3.7,3.7,3.7,3.7,3.7,3.7,3.7,3.7,3.7,3.7,3.7,3.7,3.7,3.7,3.7,3.7,3.7,3.7,3.7,3.7,3.5,3.5,3.5,3.5,3.5,3.5,3.5
58,Spain,Mixed migration flows in spain,ESP002,Stable,-,1.2,-,-,-,-,-,-,-,-,-,-,-,-,-,-,-,-,-,-,-,-,-,-,1.5,1.5,1.5,1.5,1.6,1.8,1.8,1.8,1.8,1.8,1.8,1.8,1.8,1.8,1.7,1.7,1.6,1.6,1.8,1.8,1.8,1.8,1.8,1.8,1.8,1.8,1.8
59,Ethiopia,Complex crisis in Ethiopia,ETH001,Increasing,-,-,3.8,3.8,3.8,3.8,3.8,3.8,3.8,3.8,3.8,3.8,3.8,3.8,3.8,4,4,4,4,4,4,4,4.1,4.1,4.1,4.1,4.5,4.6,4.6,4.7,4.7,4.7,4.7,4.7,4.7,4.7,4.7,4.7,4.7,4.7,4.6,4.6,4.6,4.6,4,4,4.1,4.1,4.3,4.4,4.3
60,,,ETH002,-,-,-,-,-,-,-,-,-,-,-,-,-,-,-,-,-,-,2.4,2.4,2.4,2.4,2.4,2.6,2.6,2.6,2.6,2.6,2.7,2.7,2.4,2.4,2.4,2.7,2.6,2.6,2.5,-,-,-,-,-,-,-,-,-,-,-,-,-,-,-
61,Ethiopia,International Displacement,ETH003,Increasing,-,-,-,-,-,-,-,-,-,-,-,-,-,-,-,-,-,-,2.8,2.8,2.8,2.8,2.9,2.9,2.9,2.9,3,3,3,3.1,3.1,3.1,3.1,3.1,3.1,3.1,3.1,3.1,3.1,3.1,3,2.6,3,3,3,3,3.2,3.3,3.3,3.3,3.3
62,Ethiopia,Northern Ethiopia Conflict,ETH004,Stable,-,-,-,-,-,-,-,-,-,-,-,-,-,-,-,-,-,-,-,-,-,-,-,4.2,3.7,3.7,3.7,3.7,3.7,4.4,4.4,4.4,4.4,4.4,4.3,4.4,4.4,4.4,4.4,4.4,4.3,4.2,4.2,4.2,4.2,4.2,4.3,4.3,4.3,4.3,4.3
63,Ethiopia,Drought in Ethiopia,ETH005,Decreasing,-,-,-,-,-,-,-,-,-,-,-,-,-,-,-,-,-,-,-,-,-,-,-,-,-,-,-,-,-,-,-,-,-,-,-,-,-,2.7,2.6,2.8,2.8,3.5,3.5,3.5,3.7,3.7,3.8,3.8,3.7,3.7,3.7
64,,,FJI002,-,-,-,-,-,-,-,-,-,-,-,-,-,-,-,-,-,-,-,-,-,-,-,-,-,1.4,1.4,1.4,1.4,-,-,-,-,-,-,-,-,-,-,-,-,-,-,-,-,-,-,-,-,-,-,-
65,,,GMB002,-,-,-,-,-,-,-,-,-,-,-,-,-,-,-,-,-,-,-,-,-,-,-,-,-,-,-,-,-,-,-,-,-,-,-,-,-,-,-,-,-,-,-,-,1.7,1.7,1.7,1.6,1.6,1.6,1.4,-
66,Greece,Mixed migration flows in Greece,GRC002,Stable,-,1,1,1.7,1.5,1.5,1.8,1.8,1.8,1.9,1.9,1.9,1.9,1.9,2,1.9,2,2.1,2.2,1.9,1.9,1.9,1.8,1.8,1.8,1.6,1.6,1.5,1.5,1.6,1.6,1.6,1.7,1.7,1.7,1.6,1.6,1.6,1.6,1.6,1.6,1.6,1.6,1.4,1.5,1.4,1.4,1.4,1.4,1.4,1.4
67,Guatemala,Complex crisis in Guatemala,GTM001,Stable,-,3.4,3.4,4,3.7,3.5,3.5,3.5,3.5,3.5,3.5,3.5,3.5,3.3,3.3,3.4,3.4,3.4,3.4,3.4,3.4,3.4,3.4,3.4,3.4,3.4,3.4,3.4,3.4,3.4,3.4,3.4,3.4,3.4,3.5,3.5,3.5,3.5,3.5,3.5,3.5,3.6,3.6,3.6,3.6,3.5,3.5,3.5,3.5,3.5,3.5
68,,,GTM003,-,-,-,-,-,-,-,-,-,-,-,-,-,-,-,-,-,-,-,-,-,-,-,-,2.7,3.1,3.1,3.1,3.1,3.1,3.1,3.1,3.1,-,-,-,-,-,-,-,-,-,-,-,-,-,-,-,-,-,-,-
69,Honduras,Complex crisis in Honduras,HND001,Increasing,-,2.3,2.3,2.8,2.8,2.8,2.8,2.8,2.8,2.8,2.8,3.2,3.2,3.2,3.2,3.3,3.3,3.3,3.3,3.3,3.3,3.2,3.3,3.3,3.3,3.3,3.3,3.3,3.3,3.3,3.3,3.3,3.3,3.3,3.7,3.7,3.7,3.7,3.7,3.7,3.6,3.3,3.3,3.3,3.3,3.3,3.3,3.3,3.4,3.4,3.4
70,,,HND002,-,-,-,-,-,-,-,-,-,-,-,-,-,-,-,-,-,-,-,-,-,-,-,-,3.1,3.3,3.3,3.3,3.3,3.3,3.3,3.3,3.3,3.3,-,-,-,-,-,-,-,-,-,-,-,-,-,-,-,-,-,-
71,Haiti,Complex crisis in Haiti,HTI001,Stable,3.4,2.9,2.9,3.2,3.2,3.3,3.3,3.3,3.3,3.3,3.4,3.4,3.4,3.4,3.5,3.5,3.5,3.5,3.5,3.5,3.4,3.5,3.5,3.5,3.5,3.5,3.8,3.8,3.8,3.8,3.8,4.1,4.1,4.1,4.1,4.1,4.1,4.1,4.1,4.1,4,4.2,4.2,4.2,4.2,4.2,4.2,4.2,4.2,4.2,4.2
72,Haiti,Nippes Earthquake ,HTI002,Decreasing,-,-,-,-,-,-,-,-,-,-,-,-,-,-,-,-,-,-,-,-,-,-,-,-,-,-,-,-,-,-,-,3,3,3.1,3.1,3.1,3.1,3.1,3.1,3.1,3,3.1,2.9,3.1,3.1,3.1,2.9,2.9,2.9,2.9,2.9
73,Hungary,Displacement from Ukraine conflict in Hungary,HUN002,Decreasing,-,-,-,-,-,-,-,-,-,-,-,-,-,-,-,-,-,-,-,-,-,-,-,-,-,-,-,-,-,-,-,-,-,-,-,-,-,1.1,1.4,1.3,1.4,1.4,2.5,2.6,2.6,2.6,2.5,1.5,1.5,1.5,1.5
74,,,IDN001,-,-,2.3,2.3,2.8,2.8,2.8,2.1,2.1,2.1,2.1,2.1,2.1,1.9,1.9,2.2,-,-,-,-,-,-,-,-,-,-,-,-,-,-,-,-,-,-,-,-,-,-,-,-,-,-,-,-,-,-,-,-,-,-,-,-
75,Indonesia,Papua Conflict,IDN002,Stable,-,-,-,-,-,-,2.2,2.2,2.2,2.2,2.2,2.2,-,-,-,-,-,-,-,-,-,-,-,-,-,-,-,-,-,-,-,-,-,-,2,2.1,2.1,2.2,2.3,2.3,2.6,2.6,2.6,2.6,2.6,2.5,2.5,2.5,2.5,2.5,2.5
76,,,IDN003,-,-,-,-,-,-,-,1.2,1.2,1.2,1.4,1.3,-,-,-,-,-,-,-,-,-,-,-,-,-,-,-,-,-,-,-,-,-,-,-,-,-,-,-,-,-,-,-,-,-,-,-,-,-,-,-,-
77,,,IDN005,-,-,-,-,-,-,-,-,-,-,-,-,-,1.4,1.4,1.7,-,-,-,-,-,-,-,-,-,-,-,-,-,-,-,-,-,-,-,-,-,-,-,-,-,-,-,-,-,-,-,-,-,-,-,-
78,,,IDN006,-,-,-,-,-,-,-,-,-,-,-,-,-,-,-,-,-,-,-,-,-,-,-,-,-,2.1,2.1,2.1,2.1,-,-,-,-,-,-,-,-,-,-,-,-,-,-,-,-,-,-,-,-,-,-,-
79,Indonesia,Country Level,IDN007,Stable,-,-,-,-,-,-,-,-,-,-,-,-,-,-,-,-,-,-,-,-,-,-,-,-,2.1,2.1,2.1,2.1,-,-,-,-,-,-,-,-,-,-,-,-,-,-,-,-,-,-,2.5,2.4,2.5,2.5,2.5
80,Indonesia,Earthquake in West Java province,IDN008,Stable,-,-,-,-,-,-,-,-,-,-,-,-,-,-,-,-,-,-,-,-,-,-,-,-,-,-,-,-,-,-,-,-,-,-,-,-,-,-,-,-,-,-,-,-,-,-,2.1,2.1,2.1,2.1,2.1
81,,,IND001,-,-,-,-,-,-,-,-,-,-,-,-,-,-,-,-,-,-,2.4,3,2.9,3,2.7,2.8,2.8,-,-,-,-,-,-,-,-,-,-,-,-,-,-,-,-,-,-,-,-,-,-,-,-,-,-,-
82,India,Conflict in Jammu and Kashmir,IND002,-,-,-,-,-,-,-,-,-,-,-,-,-,-,-,-,-,-,-,-,-,-,-,-,-,-,-,-,-,-,-,-,-,-,-,-,-,-,-,-,-,-,-,-,-,-,-,-,-,-,-,x
83,,,IND003,-,-,-,-,-,-,-,-,-,-,-,-,-,-,-,-,-,-,2.4,2.5,2.5,2.5,2.5,2.5,2.5,-,-,-,-,-,-,-,-,-,-,-,-,-,-,-,-,-,-,-,-,-,-,-,-,-,-,-
84,,,IND004,-,-,-,-,-,-,-,-,-,-,-,-,-,-,-,-,-,-,-,2.9,-,-,-,-,-,-,-,-,-,-,-,-,-,-,-,-,-,-,-,-,-,-,-,-,-,-,-,-,-,-,-,-
85,,,IND005,-,-,-,-,-,-,-,-,-,-,-,-,-,-,-,-,-,-,-,-,-,2.7,2.6,2.6,-,-,-,-,-,-,-,-,-,-,-,-,-,-,-,-,-,-,-,-,-,-,-,-,-,-,-,-
86,,,IRN002,-,-,-,-,3.2,3.1,3.1,-,-,-,-,-,-,-,-,-,-,-,-,-,-,-,-,-,-,-,-,-,-,-,-,-,-,-,-,-,-,-,-,-,-,-,-,-,-,-,-,-,-,-,-,-
87,,,IRN003,-,-,-,-,-,-,-,-,-,-,-,-,-,1.6,-,-,-,-,-,-,-,-,-,-,-,-,-,-,-,-,-,-,-,-,-,-,-,-,-,-,-,-,-,-,-,-,-,-,-,-,-,-
88,Iran,Afghan Refugees in Iran,IRN004,Increasing,-,-,-,-,-,-,-,-,-,-,-,-,-,-,3.4,3.4,3.4,3.5,3.5,3.5,3.5,3.5,3.4,3.4,3.4,3.4,3.4,3.4,3.4,3.3,3.3,3.3,3.3,3.4,3.4,3.4,3.4,3.4,3.4,3.6,3.6,3.6,3.6,3.6,3.6,3.5,3.5,3.6,3.6,3.7,3.7
89,Iraq,Multiple crises in Iraq,IRQ001,Stable,-,4.3,4.3,4.2,4.2,4.3,4.3,4.3,4.3,4.3,4.3,4.2,4.2,4.2,4.2,3.9,3.9,4,4,4,4,4,4,4,3.9,3.9,4.2,4.2,4.2,4.2,4.2,4.2,4.2,4.2,4.2,4.2,3.9,3.9,3.9,3.9,3.9,3.9,3.9,3.9,3.9,3.9,3.8,3.9,3.9,3.9,3.9
90,Iraq,Conflict  in Iraq,IRQ002,Increasing,-,4.4,4.3,4.2,4.2,4.3,4.3,4.3,4.3,4.3,4.3,4.1,4.1,4.1,4,4,4,4.1,4.1,4.1,4.1,4.1,4.1,4.1,4.1,4.2,4.4,4.4,4.4,4.4,4.4,4.4,4.4,4.4,4.4,4.2,3.9,3.9,3.9,3.8,3.9,3.9,3.9,3.9,3.9,3.9,3.7,3.9,3.9,3.9,3.9
91,Iraq,Syrian and Palestinian refugees in iraq,IRQ003,Stable,-,2.5,2.4,3.2,3.1,3.2,3.2,3.2,3.2,3.2,2.9,2.9,2.9,2.9,2.9,2.9,2.9,2.9,2.9,2.9,2.8,2.8,2.8,2.8,2.8,2.8,2.8,2.9,2.9,2.9,2.9,2.9,2.9,2.9,2.9,2.9,2.9,2.9,2.9,3,3,3,3,3,3,3,2.9,2.9,2.9,2.9,2.9
92,Italy,Mixed migration flows in Italy,ITA002,Stable,-,1.1,-,-,-,-,-,-,-,-,-,-,-,-,-,-,-,-,-,-,-,-,-,-,-,-,-,-,-,1.9,1.9,1.9,1.9,1.9,1.9,1.9,1.9,1.9,1.9,1.9,1.9,1.9,1.9,1.9,1.9,1.9,2,2,2,1.9,2
93,,,JOR001,-,-,1.6,1.6,-,-,-,-,-,-,-,-,-,-,-,-,-,-,-,-,-,-,-,-,-,-,-,-,-,-,-,-,-,-,-,-,-,-,-,-,-,-,-,-,-,-,-,-,-,-,-,-
94,Jordan,Syrian refugees in Jordan,JOR002,Stable,-,1.6,1.6,2.5,2.6,2.6,2.6,2.6,2.6,2.6,2.5,2.5,2.5,2.5,2.5,2.5,2.6,2.7,2.7,2.7,2.7,2.7,2.8,2.7,3.1,3.1,3.1,3.1,3.1,2.9,2.9,2.9,2.9,2.8,2.8,2.7,2.7,2.7,2.7,2.7,2.7,2.7,2.7,2.7,2.7,2.7,2.7,2.7,2.7,2.7,2.7
95,,,JOR003,-,-,1.6,1.6,-,-,-,-,-,-,-,-,-,-,-,-,-,-,-,-,-,-,-,-,-,-,-,-,-,-,-,-,-,-,-,-,-,-,-,-,-,-,-,-,-,-,-,-,-,-,-,-
96,Kenya,Multiple crisis in Kenya ,KEN001,Decreasing,-,-,-,-,-,3.1,3.1,3.1,3.4,3.4,3.3,3.3,3.3,3.3,3.3,3.3,3.4,3.5,3.1,3.1,3.1,3.1,3,3,3,-,-,-,-,-,-,-,3.1,3.1,3.1,3.2,3.2,3.2,3.3,3.3,3.3,3.6,3.6,3.6,3.8,3.8,3.8,3.8,3.8,3.7,3.7
97,Kenya,Refugee situation in Kenya,KEN002,Increasing,-,2,2,2.8,2.8,2.8,2.8,2.8,2.8,2.8,2.7,2.7,2.7,2.7,2.7,2.7,2.8,2.8,2.8,2.8,2.8,2.8,2.8,2.8,2.8,2.8,2.8,2.8,2.8,2.8,2.8,2.8,2.5,2.6,2.6,2.6,2.6,2.6,2.6,2.6,2.6,2.8,2.8,2.8,2.9,2.9,2.9,2.9,2.9,3,3
98,Kenya,Drought in Kenya,KEN003,Decreasing,-,-,-,-,-,3,3.1,3.1,3.3,3.3,3.2,3.2,3.2,3.2,3.2,3.2,3.4,3.4,3,3,2.9,2.9,3,2.9,2.9,-,-,-,-,-,-,-,2.8,2.9,2.9,2.9,2.9,2.9,3.2,3.2,3.2,3.5,3.5,3.5,4,3.9,3.9,3.9,3.9,3.8,3.8
99,,,KEN004,-,-,-,-,-,-,-,-,-,-,-,-,-,-,-,-,-,-,-,-,-,-,-,-,-,-,-,-,-,-,-,-,-,-,-,-,-,-,-,-,-,-,-,-,-,-,-,-,-,-,-,-
100,,,KEN005,-,-,-,-,-,-,-,-,-,-,-,-,-,-,-,-,1.7,1.7,2.2,2.2,2.2,2.2,2.2,2.2,2.2,2.2,-,-,-,-,-,-,-,-,-,-,-,-,-,-,-,-,-,-,-,-,-,-,-,-,-,-
101,,,LAO002,-,-,-,-,-,-,-,-,-,-,1.9,-,-,-,-,-,-,-,-,-,-,-,-,-,-,-,-,-,-,-,-,-,-,-,-,-,-,-,-,-,-,-,-,-,-,-,-,-,-,-,-,-
102,,,LBN001,-,-,2.4,2.4,-,-,-,-,-,-,-,-,-,-,-,-,-,-,-,-,-,-,-,-,-,-,-,-,-,-,-,-,-,-,-,-,-,-,-,-,-,-,-,-,-,-,-,-,-,-,-,-
103,Lebanon,Syrian refugees in Lebanon,LBN002,Decreasing,-,2.4,2.4,2.9,2.8,2.8,2.8,2.8,2.8,2.9,2.9,2.9,2.9,2.9,2.9,2.9,2.9,3.2,3.1,3.2,3.2,3.2,3.2,3.2,3.4,3.4,3.5,3.5,3.5,3.5,3.5,3.4,3.4,3.4,3.4,3.3,3.3,3.3,3.3,3.6,3.6,3.5,3.5,3.5,3.5,3.5,3.5,3.4,3.4,3.4,3.4
104,,,LBN003,-,-,1.4,1.4,-,-,-,-,-,-,-,-,-,-,-,-,-,-,-,-,-,-,-,-,-,-,-,-,-,-,-,-,-,-,-,-,-,-,-,-,-,-,-,-,-,-,-,-,-,-,-,-
105,Lebanon,Socioeconomic crisis in Lebanon,LBN004,Decreasing,-,-,-,-,-,-,-,-,-,-,-,-,-,-,-,3.3,3.3,3.3,3.3,3.4,3.5,3.5,3.5,3.5,3.5,3.6,3.7,3.7,3.7,3.7,3.7,3.5,3.5,3.5,3.5,3.5,3.5,3.5,3.5,3.6,3.6,3.5,3.5,3.5,3.6,3.6,3.6,3.4,3.4,3.5,3.4
106,,,LBN005,-,-,-,-,-,-,-,-,-,-,-,-,-,-,-,-,-,-,-,-,3.2,3.2,3.1,3.2,3.2,3.2,-,-,-,-,-,-,-,-,-,-,-,-,-,-,-,-,-,-,-,-,-,-,-,-,-,-
107,Libya,Complex crisis in Libya,LBY001,Increasing,-,3.9,3.7,3.9,3.9,3.9,3.9,3.9,3.9,3.9,3.9,3.9,3.9,3.9,3.9,4.2,4.2,4.2,4.2,4.2,4.1,4.1,4.2,4.2,4.2,4.2,4,4,4,3.8,3.8,3.8,3.8,3.8,3.8,3.8,3.8,3.5,3.5,3.5,3.5,3.5,3.6,3.6,3.6,3.7,3.7,3.7,3.8,3.8,3.8
108,Libya,Mixed migration flows in Libya,LBY002,Decreasing,-,2.6,2.6,3.5,3.5,3.5,3.5,3.5,3.5,3.5,3.5,3.5,3.5,3.5,3.6,3.1,3.1,3.1,3,3,3,3,3,3,3,3,2.6,2.6,2.6,2.5,2.5,3,3,3,3,3,3,2.9,2.8,2.8,3.1,3.1,3.4,3.4,3.4,3.5,3.5,3.5,3.4,3.4,3.4
109,Sri Lanka,Socio-economic crisis in Sri Lanka,LKA002,Stable,-,-,-,-,-,-,-,-,-,-,-,-,-,-,-,-,-,-,-,-,-,-,-,-,-,-,-,-,-,-,-,-,-,-,-,-,-,-,-,-,-,3.4,3.4,3.4,3.4,3.4,3.4,3.4,3.4,3.4,3.4
110,,,LSO002,-,2.2,2.2,2.1,2.1,2.1,2.1,2.1,2.1,2.1,2.2,2.2,2.2,2.2,2.2,2.4,2.4,2.4,2.4,2.4,2.4,2.3,2.5,2.5,2.5,2.5,2.5,2.5,2.5,2.5,2.5,2.5,2.5,2,2,2.2,2.2,2.2,2.2,2.2,2.2,2.1,2.1,2.1,2,2,2.1,-,-,-,-,-
111,,,LSO003,-,-,-,-,-,-,-,-,-,-,-,-,-,-,-,-,-,-,-,-,-,-,-,-,-,-,-,-,-,-,-,-,-,-,-,-,-,-,-,-,-,-,-,-,-,-,-,2.2,2.2,2.2,2.2,-
112,Morocco,Mixed migration flows in Morocco,MAR002,Stable,-,-,-,-,-,-,-,-,-,-,-,-,-,-,-,-,-,-,-,-,-,-,-,-,-,-,-,-,-,-,-,-,-,-,-,-,-,-,-,-,-,-,2.1,2.1,2.1,2.2,2.2,2.2,2.2,2.2,2.2
113,Moldova,DIsplacement from Ukraine conflict in Moldova,MDA002,Decreasing,-,-,-,-,-,-,-,-,-,-,-,-,-,-,-,-,-,-,-,-,-,-,-,-,-,-,-,-,-,-,-,-,-,-,-,-,-,-,1.4,1.2,1.2,1.2,2.3,2.3,2.4,2.4,2.4,1.9,1.9,1.9,1.9
114,Madagascar,Multiple crisis in Madagascar,MDG001,Increasing,-,2.8,2.8,2.9,2.9,-,-,-,-,-,-,-,-,-,-,-,-,-,-,-,-,-,-,-,-,-,-,-,-,-,-,-,-,-,-,-,2.7,3,3,3,3,3,2.9,2.9,2.5,2.5,2.9,2.9,-,2.9,2.9
115,Madagascar,Drought in Madagascar,MDG002,Increasing,-,3,3,2.9,2.9,2.9,2.8,2.8,2.6,2.4,2.4,2.4,2.7,2.7,2.7,2.7,2.6,2.6,2.6,2.6,2.6,2.5,2.5,2.5,3,3,3,3,3.1,3.1,2.8,2.8,2.8,2.8,2.9,2.8,2.9,3,3,2.9,2.9,2.9,2.5,2.6,2.2,2.2,2.7,3,2.7,2.7,2.7
116,,,MDG003,-,-,1.7,1.8,2.3,2.4,-,-,-,-,-,-,-,-,-,-,-,-,-,-,-,-,-,-,-,-,-,-,-,-,-,-,-,-,-,-,-,-,-,-,-,-,-,-,-,-,-,-,-,-,-,-
117,,,MDG004,-,-,-,-,-,-,-,-,-,-,-,-,-,-,1.2,1.3,1.3,1.3,1.3,1.3,1.3,1.3,1.3,1.1,1.1,-,-,-,-,-,-,-,-,-,-,-,-,-,-,-,-,-,-,-,-,-,-,-,-,-,-,-
118,,,MDG005,-,-,-,-,-,-,-,-,-,-,-,-,-,-,2.5,2.5,2.5,2.5,2.6,2.6,2.6,2.6,2.6,2.5,2.5,-,-,-,-,-,-,-,-,-,-,-,-,-,-,-,-,-,-,-,-,-,-,-,-,-,-,-
119,,,MDG006,-,-,-,-,-,-,-,-,-,-,-,-,-,-,-,-,-,-,-,-,-,-,-,-,-,-,-,-,-,-,-,-,-,-,-,-,-,1.7,2.1,1.9,1.8,1.8,1.8,1.8,2.2,2.3,2.3,2.3,2.3,-,-,-
120,Madagascar,Tropical cyclone Cheneso in Madagascar,MDG007,-,-,-,-,-,-,-,-,-,-,-,-,-,-,-,-,-,-,-,-,-,-,-,-,-,-,-,-,-,-,-,-,-,-,-,-,-,-,-,-,-,-,-,-,-,-,-,-,-,-,1.9,1.9
121,Mexico,Multiple crisis in Mexico,MEX001,Stable,-,-,-,-,-,-,-,-,-,-,-,-,-,-,-,-,-,-,-,-,-,-,-,-,-,-,-,-,-,-,-,-,-,-,-,-,-,-,-,-,-,2.8,2.8,2.8,2.8,2.8,2.8,2.8,2.8,2.8,2.8
122,Mexico,Criminal Violence in Mexico,MEX002,-,-,-,-,-,-,-,-,-,-,-,-,-,-,-,-,-,-,-,-,-,-,-,-,-,-,-,-,-,-,-,-,-,-,-,-,-,-,-,-,-,-,2.5,-,2.5,-,-,-,-,-,-,x
123,Mexico,Mixed Migration in Mexico,MEX003,Increasing,-,-,-,-,-,-,-,-,-,-,-,-,-,-,-,-,-,-,-,-,-,-,-,-,-,-,-,-,-,-,-,-,-,-,-,-,-,2.4,2.4,2.4,2.4,2.5,2.5,2.5,2.5,2.5,2.5,2.6,2.6,2.6,2.6
124,,,MEX004,-,-,-,-,-,-,-,-,-,-,-,-,-,-,-,-,-,-,-,-,-,-,-,-,1.7,1.7,1.7,-,-,-,-,-,-,-,-,-,-,-,-,-,-,-,-,-,-,-,-,-,-,-,-,-
125,Mali,Complex crisis in Mali,MLI001,Increasing,3.6,3.8,3.8,3.6,3.6,3.6,3.6,3.7,3.7,3.8,3.8,3.8,3.8,3.8,3.8,3.8,3.8,3.8,3.8,3.8,3.8,3.8,3.8,3.8,3.8,3.8,4.1,4.1,4.1,4.3,4.3,4.3,4.3,4.3,4.3,4.3,4.3,4.3,4.3,4.2,4.2,4.2,4.2,4.2,4.2,4.1,4.1,4.2,4.3,4.3,4.3
126,Myanmar,Multiple crises in Myanmar,MMR001,Increasing,-,3.2,3.2,3.2,3.3,3.3,3.3,3.3,3.3,3.4,3.4,3.4,3.4,3.4,3.6,3.6,3.6,3.6,3.6,3.5,3.5,3.5,3.5,3.5,3.5,3.7,3.7,3.7,3.7,3.7,3.9,3.9,3.9,3.8,3.9,3.9,4.3,4.3,4.3,4.3,4.4,4.4,4.4,4.4,4.4,4.4,4.4,4.4,4.5,4.5,4.5
127,Myanmar,Rakhine Conflict,MMR002,Increasing,-,3.3,3.3,3.1,3.2,3.2,3.2,3.2,3.2,3.5,3.5,3.4,3.5,3.5,3.5,3.5,3.5,3.5,3.5,3.5,3.5,3.5,3.5,3.5,3.5,3.5,3.5,3.5,3.5,3.6,3.6,3.6,3.6,3.5,3.5,3.5,3.6,3.6,3.7,3.7,3.7,3.7,3.7,3.7,3.7,3.7,3.7,3.7,3.9,3.9,3.9
128,Myanmar,Kachin and Shan Conflict,MMR003,Stable,-,2.1,2.1,2.3,2.4,2.3,2.3,2.3,2.3,2.7,2.7,2.7,2.7,2.7,2.6,2.6,2.6,2.6,2.6,2.6,2.6,2.6,2.6,2.6,2.6,3.1,3.1,3.1,3.1,3.2,3.2,3.2,3.2,3.1,3.1,3.2,3.7,3.7,3.7,3.7,3.8,3.8,3.8,3.8,3.8,3.7,3.7,3.7,3.7,3.7,3.7
129,Myanmar,Post-coup conflict in Myanmar,MMR004,Decreasing,-,-,-,-,-,-,-,-,-,-,-,-,-,-,-,-,-,-,-,-,-,-,-,-,-,-,-,-,-,2.1,3.4,3.4,3.4,3.4,3.4,3.5,4.1,4.1,4.1,4.1,4.5,4.5,4.5,4.5,4.5,4.5,4.5,4.5,4.4,4.4,4.4
130,Mozambique,Multiple Crises in Mozambique,MOZ001,Decreasing,-,-,-,3.8,3.7,3.7,3.2,3.2,3.2,3.2,3.4,3.4,3.5,3.5,3.2,3.2,3.2,3.2,3,3,3,3.2,3.3,3.3,3.6,3.6,3.6,3.6,3.6,3.7,-,-,-,-,-,-,3.5,3.5,3.6,3.6,3.6,3.6,3.6,3.6,3.6,3.6,3.6,3.6,3.6,3.4,3.4
131,,,MOZ002,-,-,3.3,3.3,3.3,3.3,-,-,-,-,-,-,-,-,-,-,-,-,-,-,-,-,-,-,-,-,-,-,-,-,-,-,-,-,-,-,-,-,-,-,-,-,-,-,-,-,-,-,-,-,-,-
132,,,MOZ003,-,-,-,3.1,3.4,3.4,-,-,-,-,-,-,-,-,-,-,-,-,-,-,-,-,-,-,-,-,-,-,-,-,-,-,-,-,-,-,-,-,-,-,-,-,-,-,-,-,-,-,-,-,-,-
133,Mozambique,Cabo Delgado Islamist Insurgency,MOZ004,Stable,-,-,-,-,-,-,-,-,-,-,-,-,-,-,2,2,2.6,2.6,2.8,2.9,2.9,2.9,2.1,2.1,3.5,3.5,3.5,3.6,3.6,3.6,3.4,3.4,3.4,3.3,3.3,3.3,3.4,3.4,3.4,3.4,3.4,3.4,3.4,3.4,3.4,3.4,3.5,3.5,3.5,3.5,3.5
134,,,MOZ005,-,-,-,-,2.7,2.8,-,-,-,-,-,-,-,-,-,-,-,-,-,-,-,-,-,-,-,-,-,-,-,-,-,-,-,-,-,-,-,-,-,-,-,-,-,-,-,-,-,-,-,-,-,-
135,,,MOZ006,-,-,-,-,-,-,-,-,-,-,-,-,-,-,3.2,3.2,3.2,3.2,3.2,3.2,3.2,3.2,2.8,3,3,3.4,3.4,3.4,3.5,3.5,3.5,-,-,-,-,-,-,-,-,-,-,-,-,-,-,-,-,-,-,-,-,-
136,,,MOZ007,-,-,-,-,-,-,-,-,-,-,-,-,-,-,-,-,-,-,-,-,-,-,-,-,-,-,2.2,2.2,2.3,2.3,2.3,-,-,-,-,-,-,-,-,-,-,-,-,-,-,-,-,-,-,-,-,-
137,,,MOZ008,-,-,-,-,-,-,-,-,-,-,-,-,-,-,-,-,-,-,-,-,-,-,-,-,-,-,-,-,-,-,-,-,-,-,-,-,-,2.3,2.4,2.6,3.1,3.1,3.1,3.1,3.1,3.1,3.1,2.9,2.9,-,-,-
138,Mozambique,Floods in Maputo province in Mozambique,MOZ009,-,-,-,-,-,-,-,-,-,-,-,-,-,-,-,-,-,-,-,-,-,-,-,-,-,-,-,-,-,-,-,-,-,-,-,-,-,-,-,-,-,-,-,-,-,-,-,-,-,-,1.5,1.5
139,,,MRT001,-,-,2.9,2.9,-,-,-,-,-,-,-,-,-,-,-,-,-,-,-,-,-,-,-,-,-,-,-,-,-,-,-,-,-,-,-,-,-,-,-,-,-,-,-,-,-,-,-,-,-,-,-,-
140,Mauritania,Refugees from Mali in Mauritania,MRT002,Decreasing,-,2.3,2.3,2.3,2.2,2.2,2.2,2.2,2.2,2.2,2.2,2.2,2.2,2.2,2.2,2.3,2.3,2.3,2.3,2.3,2.3,2.3,2.2,2.2,2.2,2.2,2.2,2.2,2.2,2.2,2.2,2.1,2.1,2.1,2.1,2.1,2.1,2.1,2.1,2.1,2.1,2.1,2.2,2.2,2.2,2.2,2.3,2.3,2.3,2.3,2.1
141,Mauritania,Food Security in Mauritania,MRT003,Stable,-,3,3,3,2.7,2.8,2.9,2.9,2.9,2.9,2.8,2.8,2.6,2.6,2.6,2.6,2.6,2.7,2.7,3,2.9,2.9,2.8,2.8,2.8,2.8,2.8,2.8,2.8,2.8,2.8,2.8,2.8,2.8,2.8,2.8,2.8,2.8,2.8,2.8,2.8,2.8,2.8,2.7,2.7,2.7,2.7,2.7,2.7,2.7,2.7
142,Malawi,Complex crisis in Malawi,MWI002,Increasing,-,-,2.9,3,3.1,3.1,3.1,2.7,2.7,2.5,2.5,2.5,2.6,2.6,2.7,2.7,2.6,2.7,2.7,2.6,2.6,2.7,2.8,2.8,2.8,2.8,2.8,2.8,2.9,2.9,3,3,2.8,2.8,3,3,3,3,2.5,2.5,2.4,3,3,3,3,3.2,3.2,3.2,3.3,3.3,3.2
143,,,MWI003,-,-,-,-,-,2.7,2.6,-,-,-,-,-,-,-,-,-,-,-,-,-,-,-,-,-,-,-,-,-,-,-,-,-,-,-,-,-,-,-,-,-,-,-,-,-,-,-,-,-,-,-,-,-
144,,,MWI004,-,-,-,-,-,-,-,-,-,-,-,-,-,-,-,-,-,-,-,-,-,-,-,-,-,-,-,-,-,-,-,-,-,-,-,-,-,2.1,2.1,2.1,2.1,2,2.5,2.5,2.5,2.5,2.4,2.4,2.4,-,-,-
145,Malaysia,International Refugees in Malaysia,MYS001,Stable,-,-,-,-,-,-,-,-,-,-,-,-,-,-,-,-,-,-,-,-,-,-,-,-,-,-,1.6,1.6,1.6,1.7,1.7,1.7,1.7,1.7,1.7,1.6,1.6,1.7,1.6,2.2,2.3,2.3,2.3,2.3,2.3,2.3,2.3,2.3,2.3,2.3,2.3
146,Namibia,Food Security Crisis in Namibia,NAM002,Stable,-,-,-,-,-,-,-,-,-,-,-,-,-,2.2,2.1,2.1,2.1,2.1,2.1,2.1,2.1,2,2.1,2.1,2.1,2.1,2.1,2.1,2.1,2.1,2.3,2.3,2.3,2.2,2.2,2.4,2.4,2.4,2.4,2.4,2.5,2.5,2.5,2.5,2.5,2.5,2.5,2.5,2.5,2.5,2.4
147,Niger,Multiple crises in Niger,NER001,Increasing,-,3.1,3.2,3.5,3.5,3.5,3.5,3.5,3.5,3.6,3.6,3.6,3.6,3.6,3.6,3.6,3.6,3.6,3.7,3.7,3.7,3.8,3.7,3.7,3.7,3.7,3.7,3.7,3.7,3.8,3.8,3.8,3.8,3.8,3.8,3.8,3.8,3.8,3.8,3.7,3.7,3.5,3.5,3.6,3.6,3.7,3.5,3.7,3.9,3.9,3.9
148,Niger,Boko Haram in Niger,NER002,Stable,-,3.1,3.2,3.2,3.2,3.3,3.3,3.3,3.3,3.4,3.4,3.4,3.4,3.4,3.4,3.4,3.4,3.4,3.5,3.5,3.4,3.4,3.4,3.4,2.9,2.9,2.9,2.9,2.9,3,3,3,3,3,3,3,3,3,3,2.9,2.9,2.9,2.9,3,3,3,3,3,3,3,3.1
149,Niger,Mali/Burkina Faso conflict,NER003,Decreasing,-,2.4,2.6,3,3,3,3,3,3,3.1,3.1,3.1,3.1,3.1,3.2,3.2,3.2,3.2,3.3,3.2,3.2,3.2,3.2,3.2,3.2,3.2,3.2,3.3,3.3,3.4,3.4,3.4,3.4,3.3,3.3,3.3,3.3,3.3,3.3,3.3,3.3,3.3,3.3,3.6,3.6,3.7,3.7,3.6,3.6,3.6,3.6
150,Niger,Nigerian Refugees,NER004,Decreasing,-,-,-,-,-,-,-,-,-,-,-,2.5,2.5,2.6,2.5,2.5,2.5,2.6,2.5,2.5,2.5,2.5,2.4,2.5,2.7,2.7,2.7,2.7,2.7,2.7,2.7,2.7,2.7,2.7,2.7,2.7,2.7,2.7,2.7,2.7,2.7,2.7,2.7,2.8,2.7,2.8,2.8,2.6,2.6,2.6,2.6
151,,,NER005,-,-,-,-,-,-,-,-,-,-,-,-,-,-,-,-,-,-,-,-,-,-,2.9,2.9,2.9,2.9,-,-,-,-,-,-,-,-,-,-,-,-,-,-,-,-,-,-,-,-,-,-,-,-,-,-
152,Nigeria,Complex crisis in Nigeria,NGA001,Stable,3.5,3.5,4,4.1,3.8,3.8,4.1,4.1,4.1,4.1,4.1,4.1,4,4,3.7,4.2,4.1,4.2,4.2,4.2,4.2,4.2,4,4,4,4.1,4.1,4.1,4.1,4.1,4.1,4.2,4.2,4.2,4.2,4.2,4.2,4.2,4.2,4.2,4.1,3.5,4.1,4.1,4.1,4.1,4.1,4.1,4.1,4.1,4.1
153,,,NGA002,-,3.6,3.6,3.5,3.6,-,-,-,-,-,-,-,-,-,-,-,-,-,-,-,-,-,-,-,-,-,-,-,-,-,-,-,-,-,-,-,-,-,-,-,-,-,-,-,-,-,-,-,-,-,-,-
154,Nigeria,Middle belt conflict,NGA003,Increasing,2.1,2,2.7,2.8,2.8,2.8,2.8,2.8,2.8,2.8,-,-,-,-,-,-,-,-,-,-,-,-,2.5,2.5,2.5,2.5,2.5,2.5,2.5,2.6,2.6,3.4,3.4,3.4,3.2,3.2,3.2,3.2,3.2,3.2,3.2,3.2,3.3,3.3,3.3,3.3,3.3,3.3,3.3,3.4,3.4
155,Nigeria,Boko Haram crisis in Nigeria,NGA004,Increasing,4,4,4,4.1,4.1,4.1,4.2,4.1,4.1,4.1,4.1,4.1,4,4,4,4,4,4.1,4.1,4.1,4.1,4,4.1,4.1,4.1,4,4.1,4.1,4.1,4.1,4.1,4.2,4.2,4.2,4.1,4.1,4.1,4.2,4.2,4.2,4.2,4.2,4.1,4.1,4.1,4.2,4.1,4.1,4.2,4.2,4.2
156,,,NGA005,-,1.5,1.5,-,-,-,-,-,-,-,-,-,-,-,-,-,-,-,-,-,-,-,-,-,-,-,-,-,-,-,-,-,-,-,-,-,-,-,-,-,-,-,-,-,-,-,-,-,-,-,-,-
157,Nigeria,Northwest Banditry,NGA007,Stable,-,-,-,-,-,-,-,-,-,-,-,-,-,-,2.5,2.5,2.6,2.6,2.6,2.6,2.6,2.6,2.6,2.6,2.6,2.6,2.7,2.7,2.7,2.9,2.8,3.7,3.7,3.6,3.6,3.6,3.6,3.6,3.6,3.6,3.6,3.6,3.7,3.7,3.7,3.7,3.7,3.7,3.7,3.6,3.7
158,Nigeria,Cameroonian Refugees in Nigeria,NGA008,Increasing,-,-,-,-,-,-,-,-,-,-,-,-,2,2.4,2.4,2.5,2.5,2.1,2.1,2.1,2.1,2,2.1,2.1,2.1,2.1,2.1,2.1,2.1,2,2,2,2,2,2,2,2,2,2,2,2,1.7,2.2,2.2,2.2,2.2,2.2,2.2,2.2,2.3,2.3
159,Nicaragua,Socioeconomic crisis in Nicaragua,NIC001,-,2,2,2,2.4,2.4,2.4,2.4,2.4,2.4,-,-,-,-,-,-,-,-,-,-,-,-,-,-,-,-,-,-,-,-,-,-,-,-,-,-,-,-,-,-,1.9,1.9,-,-,2,-,1.9,1.9,-,-,-,x
160,,,NIC002,-,-,-,-,-,-,-,-,-,-,-,-,-,-,-,-,-,-,-,-,-,-,-,-,2.2,2.2,2.2,2.2,2.2,2.2,2.3,2.3,2.3,2.3,-,-,-,-,-,-,-,-,-,-,-,-,-,-,-,-,-,-
161,,,NPL002,-,-,-,-,-,-,-,1.9,1.9,-,-,-,-,-,-,-,-,-,-,-,-,-,-,-,-,-,-,-,-,-,-,-,-,-,-,-,-,-,-,-,-,-,-,-,-,-,-,-,-,-,-,-
162,Pakistan,Complex crisis in Pakistan,PAK001,Stable,-,3.2,3.2,3.3,3.3,3.3,3.3,3.3,3.3,3.4,3.4,3.4,3.4,3.4,3.4,3.4,3.4,3.4,3.4,3.4,3.4,3.4,3.4,3.4,3.4,3.4,3.4,3.4,3.8,3.8,3.8,3.8,3.8,3.7,3.7,3.6,3.6,3.6,3.6,3.6,3.7,3.7,3.7,3.7,4,3.8,3.9,3.8,3.8,3.8,3.8
163,,,PAK002,-,-,2.6,-,-,-,-,-,-,-,-,-,-,-,-,-,-,-,-,-,-,-,-,-,-,-,-,-,-,-,-,-,-,-,-,-,-,-,-,-,-,-,-,-,-,-,-,-,-,-,-,-
164,,,PAK003,-,-,3.2,3.2,-,-,-,-,-,-,-,-,-,-,-,-,-,-,-,-,-,-,-,-,-,-,-,-,-,-,-,-,-,-,-,-,-,-,-,-,-,-,-,-,-,-,-,-,-,-,-,-
165,Pakistan,Kashmir conflict in Pakistan,PAK004,-,-,-,-,-,-,-,-,-,-,-,-,-,-,-,-,-,-,-,-,-,-,-,-,-,-,-,-,-,-,-,-,-,-,-,-,-,-,-,-,-,-,-,-,-,-,-,-,-,-,-,x
166,Pakistan,Floods in Pakistan ,PAK005,Decreasing,-,-,-,-,-,-,-,-,-,-,-,-,-,-,-,-,-,-,-,-,-,-,-,-,-,-,-,-,-,-,-,-,-,-,-,-,-,-,-,-,-,-,2.1,3.6,3.6,3.7,3.7,3.6,3.6,3.6,3.6
167,Panama,Venezuela displacement in Panama,PAN002,Stable,-,1.1,-,-,-,-,-,-,-,-,-,-,-,-,-,-,-,-,-,-,-,-,-,-,-,-,-,-,-,-,-,-,-,-,-,-,-,2.1,2.1,2.1,2.1,2.2,2.2,2.2,2.2,2.3,2.3,2.4,2.3,2.3,2.3
168,Peru,Venezuela displacement in Peru,PER002,Stable,-,1.5,1.5,2.6,2.6,2.6,2.6,2.6,2.6,2.6,2.3,2.3,2.3,2.6,2.6,2.6,2.6,2.6,2.6,2.6,2.6,2.6,2.7,2.7,2.8,2.8,2.8,2.8,2.8,2.8,2.8,2.8,2.8,2.7,2.8,2.8,2.8,3,3,3,2.9,2.9,3.1,3.1,3.1,3.1,3.2,3.2,3.2,3.2,3.2
169,Philippines,Multiple crises in the Philippines,PHL001,Decreasing,-,-,-,-,-,-,-,-,-,-,-,2.7,2.7,3.4,2.7,2.4,2.4,2.5,2.5,2.5,2.5,2.4,3,3,3,3,3,3,-,-,-,-,-,-,-,3.3,3.2,3.3,3.3,3.3,3.1,3.2,3.1,3.1,2.9,2.9,3,3.1,2.7,2.6,2.6
170,Philippines,Mindanao conflict,PHL003,Stable,-,-,1.1,1.8,2,1.8,2.2,2.2,2.2,2.1,2.2,2.2,2.2,2.4,2.4,2.2,2.2,2.3,2.3,2.3,2.3,2.3,2.3,2.3,2.3,2.3,2.4,2.4,2.4,2.4,2.4,2.4,2.3,2.2,2.2,2.1,2.1,2.4,2.3,2.3,2.2,2.1,2.1,2.1,2.1,2.2,2.2,2.2,2.2,2.2,2.2
171,,,PHL004,-,-,-,-,-,-,-,-,-,-,-,-,2.1,2.1,2.1,2.1,2.1,2.1,2.1,2.1,2,2,1.8,1.8,1.8,1.8,1.8,1.8,1.8,-,-,-,-,-,-,-,-,-,-,-,-,-,-,-,-,-,-,-,-,-,-,-
172,,,PHL005,-,-,-,-,-,-,-,-,-,-,-,-,1.8,1.8,-,-,-,-,-,-,-,-,-,-,-,-,-,-,-,-,-,-,-,-,-,-,-,-,-,-,-,-,-,-,-,-,-,-,-,-,-,-
173,,,PHL006,-,-,-,-,-,-,-,-,-,-,-,-,-,3,3.1,-,-,-,-,-,-,-,-,-,-,-,-,-,-,-,-,-,-,-,-,-,-,-,-,-,-,-,-,-,-,-,-,-,-,-,-,-
174,,,PHL007,-,-,-,-,-,-,-,-,-,-,-,-,-,-,2,-,-,-,-,-,-,-,-,-,-,-,-,-,-,-,-,-,-,-,-,-,-,-,-,-,-,-,-,-,-,-,-,-,-,-,-,-
175,,,PHL008,-,-,-,-,-,-,-,-,-,-,-,-,-,-,-,-,-,-,-,-,-,-,-,-,-,-,-,-,-,-,-,-,-,-,-,-,-,-,-,-,-,-,-,-,-,-,-,-,-,-,-,-
176,,,PHL009,-,-,-,-,-,-,-,-,-,-,-,-,-,-,-,-,-,-,-,-,-,-,-,-,2.5,2.5,2.5,2.5,2.5,-,-,-,-,-,-,-,-,-,-,-,-,-,-,-,-,-,-,-,-,-,-,-
177,,,PHL010,-,-,-,-,-,-,-,-,-,-,-,-,-,-,-,-,-,-,-,-,-,-,-,-,-,-,-,-,-,-,-,-,-,-,-,-,3.1,3.1,3.1,3.1,3.1,3.1,3.1,3.1,3.1,3.1,3,3,3,-,-,-
178,,,PHL011,-,-,-,-,-,-,-,-,-,-,-,-,-,-,-,-,-,-,-,-,-,-,-,-,-,-,-,-,-,-,-,-,-,-,-,-,-,-,-,-,-,-,-,-,-,1.9,1.9,1.9,1.9,-,-,-
179,Philippines,Typhoon Nalgae,PHL012,Stable,-,-,-,-,-,-,-,-,-,-,-,-,-,-,-,-,-,-,-,-,-,-,-,-,-,-,-,-,-,-,-,-,-,-,-,-,-,-,-,-,-,-,-,-,-,-,2.3,2.3,2.3,2.3,2.3
180,Philippines,"LPAs, Northeast Monsoon, and Shear Line",PHL013,-,-,-,-,-,-,-,-,-,-,-,-,-,-,-,-,-,-,-,-,-,-,-,-,-,-,-,-,-,-,-,-,-,-,-,-,-,-,-,-,-,-,-,-,-,-,-,-,-,2,1.6,1.6
181,,,PNG002,-,-,-,-,-,-,-,-,-,-,-,-,-,-,-,-,-,-,-,-,-,-,-,-,-,-,-,-,-,-,-,-,-,-,-,-,-,-,-,-,-,-,-,-,-,-,-,-,-,-,-,-
182,Papua New Guinea,Highlands Violence,PNG003,Decreasing,-,-,-,-,-,-,-,-,-,-,-,-,-,-,-,-,-,-,-,-,-,-,-,-,-,-,-,-,-,-,-,-,-,-,-,-,-,-,-,-,-,-,-,-,2.6,2.7,2.7,2.6,2.6,2.6,2.6
183,Poland,Displacement from Ukraine conflict in Poland,POL002,Decreasing,-,-,-,-,-,-,-,-,-,-,-,-,-,-,-,-,-,-,-,-,-,-,-,-,-,-,-,-,-,-,-,-,-,-,-,-,-,1.2,1.6,1.6,1.7,1.7,2.9,2.9,2.9,2.9,2.9,2.5,2.5,2.5,2.5
184,DPRK,Complex crisis in DPRK,PRK001,Stable,3.6,3.6,3.6,3.9,3.9,3.9,3.9,3.9,3.9,3.9,4.1,4.1,4.1,4.1,4.1,4.1,4,4,4,4,4,4,3.7,3.7,3.7,3.7,3.8,3.7,3.7,3.8,3.8,3.8,3.8,3.8,3.8,3.8,3.8,3.8,3.8,3.8,3.8,3.8,3.8,3.8,3.8,3.7,3.7,3.7,3.7,3.7,3.7
185,Palestine,Conflict in Palestine,PSE002,Stable,-,3.6,3.6,3.8,3.8,3.8,3.8,3.8,3.8,3.8,3.8,3.8,3.8,3.8,3.8,3.8,3.9,3.9,3.9,3.9,3.9,3.9,3.9,3.9,3.9,4,4,4,4,4.2,4.2,4.2,4.2,4.2,3.9,3.8,3.8,3.8,3.8,3.8,3.7,3.7,3.7,3.7,3.7,3.5,3.5,3.5,3.5,3.5,3.5
186,"Nigeria,Niger,Chad,Cameroon",Regional Boko Haram Crisis,REG001,Stable,-,-,4.2,4.2,4.2,4.2,4.2,4.2,4.2,4.3,4.3,4.3,4.3,4.3,4.3,4.3,4.1,4,4,4,4,4,4.1,4.1,4.1,4.1,4.2,4.2,4.2,4.3,4.3,4.3,4.3,4.2,4.2,4.2,4.2,4.2,4.2,4.3,4.3,4.3,4.3,4.4,4.4,4.4,4.4,4.4,4.4,4.4,4.4
187,"Venezuela,Brazil,Colombia,Ecuador,Peru,Trinidad and Tobago,Chile,Dominican Republic,Panama",Venezuela Regional Crisis,REG002,Stable,-,-,-,3.6,3.6,3.6,3.6,3.6,3.6,3.6,3.5,3.6,3.6,3.5,3.6,3.6,3.6,3.6,3.6,3.6,3.6,3.6,3.8,3.8,3.8,3.8,3.8,3.8,3.8,3.7,3.7,3.7,3.7,3.9,3.9,3.9,3.9,3.9,3.9,3.9,3.8,3.8,3.8,3.9,3.9,3.9,3.9,3.9,3.9,3.9,3.9
188,"India,Pakistan",Regional Kashmir conflict,REG003,-,-,-,-,-,-,-,-,-,-,-,-,-,-,-,-,-,-,-,-,-,-,-,-,-,-,-,-,-,-,-,-,-,-,-,-,-,-,-,-,-,-,-,-,-,-,-,-,-,-,-,x
189,"Syria,Türkiye,Iraq,Egypt,Jordan,Lebanon",Syrian Regional Crisis,REG004,Increasing,-,-,-,-,4.1,4.2,4.2,4.2,4.2,4.2,4.2,4.2,4.2,4.2,4.2,4.2,4.2,4,4,4,4,4,4.3,4.3,4.3,4.5,4.5,4.5,4.5,4.6,4.6,4.6,4.6,4.6,4.6,4.3,4.3,4.3,4.3,4.3,4.2,4.2,4.2,4.2,4,4,4.2,4.3,4.3,4.3,4.3
190,"Türkiye,Greece",Eastern Mediterranean Route ,REG006,Decreasing,-,-,-,-,-,-,-,-,-,-,-,-,-,-,-,-,-,-,-,-,-,-,-,-,-,-,-,-,-,-,-,-,3.1,3.2,3.2,3.3,3.3,3.3,3.2,3.2,3.2,3.2,3.2,3.2,3.2,3.1,2.3,2.3,2.3,2.4,2.4
191,"Algeria,Tunisia,Libya,Italy",Central Mediterranean Route,REG007,Stable,-,-,-,-,-,-,-,-,-,-,-,-,-,-,-,-,-,-,-,-,-,-,-,-,-,-,-,-,-,-,-,-,-,-,-,-,-,-,-,-,-,-,-,3,3,3,3,3,3,3,3
192,"Algeria,Morocco,Spain",Western Mediterranean Route,REG008,Increasing,-,-,-,-,-,-,-,-,-,-,-,-,-,-,-,-,-,-,-,-,-,-,-,-,-,-,-,-,-,-,-,-,-,-,-,-,-,-,-,-,-,-,-,2.6,2.6,2.7,2.7,2.7,2.7,2.8,2.8
193,"Bangladesh,Myanmar",Rohingya Regional Crisis,REG011,Increasing,-,-,-,3.5,3.5,3.5,3.5,3.5,3.5,3.7,3.7,3.7,3.7,3.7,3.7,3.7,3.7,3.4,3.4,3.4,3.4,3.3,3.6,3.6,3.6,3.6,3.6,3.6,3.6,3.7,3.7,3.7,3.7,3.7,3.4,3.5,3.8,3.8,3.9,3.9,3.9,3.8,3.8,3.8,3.8,3.8,3.8,3.8,3.9,3.9,3.9
194,"Lesotho,Madagascar,Malawi,Namibia,Eswatini,Zambia,Zimbabwe,Tanzania",Southern Africa Regional Food Security Crisis,REG012,Increasing,-,-,-,-,-,-,-,-,-,-,-,-,-,3.5,3.5,3.5,3.5,3.5,3.5,3.5,3.5,3.5,3.5,3.5,3.5,3.5,3.5,3.6,3.6,3.9,3.6,3.6,3.6,3.5,3.6,3.6,3.6,3.6,3.5,3.5,3.4,3.4,3.4,3.4,3.4,3.5,3.5,3.5,3.6,3.7,3.6
195,"Armenia,Azerbaijan",Nagorno-Karabakh Conflict,REG013,Stable,-,-,-,-,-,-,-,-,-,-,-,-,-,-,-,-,-,-,-,-,-,-,-,-,-,-,-,-,-,-,-,-,-,-,-,-,-,-,-,-,-,1.8,1.8,1.8,1.8,1.8,1.8,1.8,1.8,1.8,1.8
196,"Ethiopia,Somalia,Kenya",Eastern Africa Regional Drought Crisis,REG014,Increasing,-,-,-,-,-,-,-,-,-,-,-,-,-,-,-,-,-,-,-,-,-,-,-,-,-,-,-,-,-,-,-,-,-,-,-,-,-,-,3.9,3.9,3.8,3.8,3.8,3.8,4.1,4.1,4.2,4.4,4.4,4.4,4.4
197,"Türkiye,Syria",Turkiye / Syria earthquake,REG015,-,-,-,-,-,-,-,-,-,-,-,-,-,-,-,-,-,-,-,-,-,-,-,-,-,-,-,-,-,-,-,-,-,-,-,-,-,-,-,-,-,-,-,-,-,-,-,-,-,-,-,3.7
198,Romania,Displacement from Ukraine conflict in Romania,ROU002,Decreasing,-,-,-,-,-,-,-,-,-,-,-,-,-,-,-,-,-,-,-,-,-,-,-,-,-,-,-,-,-,-,-,-,-,-,-,-,-,-,1,1,1,1,2.3,2.4,2.5,2.5,2.5,1.4,1.4,1.4,1.4
199,Rwanda,Burundi and DRC refugees in Rwanda,RWA002,Stable,-,1.4,1.4,1.6,1.6,1.6,1.6,1.6,1.6,2.3,2.3,2.3,2.3,2.3,2,2,1.8,1.9,1.9,1.9,1.8,1.9,2,2,1.9,1.9,1.9,2,2,2,2,2,2,2,2,2,2,2,2.4,2.4,2.4,2.4,2.4,2.4,2.4,2.4,2.4,2.4,2.4,2.4,2.4
200,Sudan,Complex crisis in Sudan,SDN001,Stable,-,3.9,3.9,4,3.9,4,4,4,4,4.1,4.1,4.1,4.1,4.6,4.6,4.6,4.6,4.5,4.5,4.5,4.5,4.5,4.5,4.5,4.5,4.3,4.3,4.2,4.2,4.4,4.4,4.4,4.4,4.4,4.3,4.4,4.3,4.3,4.4,4.4,4.4,4.4,4.4,4.4,4.4,4.4,4.4,4.4,4.4,4.4,4.4
201,,,SDN002,-,-,3.9,3.9,-,-,-,-,-,-,-,-,-,-,-,-,-,-,-,-,-,-,-,-,-,-,-,-,-,-,-,-,-,-,-,-,-,-,-,-,-,-,-,-,-,-,-,-,-,-,-,-
202,,,SDN003,-,-,2.1,2.1,2.7,2.7,2.7,2.8,2.7,2.7,2.7,2.7,-,-,-,-,-,-,-,-,-,-,-,-,-,-,-,-,-,-,-,-,-,-,-,-,-,-,-,-,-,-,-,-,-,-,-,-,-,-,-,-
203,,,SDN004,-,-,2.6,2.6,3.5,3.5,3.5,3.5,3.4,3.4,3.4,3.4,-,-,-,-,-,-,-,-,-,-,-,-,-,-,-,-,-,-,-,-,-,-,-,-,-,-,-,-,-,-,-,-,-,-,-,-,-,-,-,-
204,Sudan,Refugees in Sudan,SDN005,Stable,-,-,-,-,-,-,-,-,-,-,-,-,-,3.7,3.8,3.8,3.8,3.8,3.8,3.8,3.8,3.8,4.1,4.1,4,3.9,3.9,3.8,3.8,3.5,3.2,3.2,3.2,3.2,3.2,3.2,3.2,3.2,3.3,3.3,3.3,3.3,3.3,3.3,3.3,3.3,3.3,3.3,3.3,3.3,3.3
205,Sudan,Floods in Sudan ,SDN006,Stable,-,-,-,-,-,-,-,-,-,-,-,-,-,-,-,-,-,-,-,2.5,2.5,2.6,2.6,2.6,2.6,2.6,2.6,2.5,2.5,2.5,2.5,2.5,2.3,2.4,2.6,2.6,-,-,-,-,-,-,-,2.9,2.9,2.8,2.8,2.8,2.8,2.8,2.8
206,,,SDN007,-,-,-,-,-,-,-,-,-,-,-,-,-,-,-,-,-,-,-,-,-,-,-,-,-,2.9,2.1,2.1,2.4,2.4,2.5,2.5,2.5,2.5,2.5,2.5,2.5,2.5,2.5,2.5,2.5,2.5,-,-,-,-,-,-,-,-,-,-
207,Sudan,Violence in Darfur and Kordofan regions,SDN008,Decreasing,-,-,-,-,-,-,-,-,-,-,-,-,-,-,-,-,-,-,-,-,-,-,-,-,-,-,-,2.8,2.8,2.9,3.2,3.2,3.2,3.2,3.1,3.4,3.5,3.5,3.6,3.6,3.6,4.2,4.2,4.3,4.3,4.2,4,4,4,4,4
208,Senegal,Drought in Senegal,SEN002,Stable,2.5,2.5,2.5,2.5,2.5,2.5,2.5,2.5,2.5,2.6,2.6,2.6,2.6,2.6,2.6,2.6,2.5,2.7,2.5,2.5,2.4,2.4,2.4,2.4,2.4,2.4,2.4,2.4,2.4,2.4,2.4,2.4,2.4,2.4,2.4,2.4,2.4,2.4,2.4,2.4,2.4,2.4,2.4,2.4,2.4,2.4,2.3,2.4,2.4,2.4,2.4
209,El Salvador,Complex crisis in El Salvador,SLV001,Decreasing,-,2.8,2.8,3,3,3,3,3,2.6,2.6,2.7,2.7,2.7,2.7,2.7,2.7,2.7,2.7,2.7,2.7,2.7,3,3,3,3,3,3,3,3,3,3,3,3,3,3.1,3.1,3.1,3.1,3.1,3.1,3.2,3.2,3.2,3.2,3.2,3.2,3.2,3.2,3.1,3.1,3.1
210,Somalia,Complex crisis in Somalia,SOM001,Increasing,3.6,3.6,3.6,4.1,4.3,4.3,4.3,4.3,4.3,4.2,4.2,4.2,4.2,4.7,4.7,4.7,4.7,4.7,4.7,4.7,4.6,4.6,4,4,4,4,4.4,4.4,4.4,4.5,4.5,4.5,4.5,4.4,4.2,4.2,4.2,4.2,4.2,4.2,4.4,4.4,4.4,4.4,4.4,4.4,4.4,4.4,4.4,4.7,4.7
211,Somalia,Mixed Migration Flows in Somalia,SOM002,Stable,-,-,-,2.1,2.1,2.1,2.1,2.1,2.1,2,2,2,2,2,2,2,2,2,2,2,1.9,1.9,1.9,1.9,1.9,1.9,1.9,1.9,1.8,1.9,1.9,1.9,1.9,1.8,1.8,1.8,1.7,1.7,1.7,1.7,1.7,1.7,1.7,1.8,1.8,1.9,1.9,1.9,1.9,1.9,1.8
212,,,SOM004,-,-,-,-,-,-,-,-,-,-,-,-,-,-,-,-,2.4,2.4,2.4,3.3,3.3,3.2,3.2,3.2,3.2,3.2,3.2,3.2,3.2,2.8,3,2.9,2.9,-,-,-,-,-,-,-,-,-,-,-,-,-,-,-,-,-,-,-
213,South Sudan,Complex crisis in South Sudan,SSD001,Stable,-,4.3,4.3,4.3,4.3,4.3,4.3,4.3,4.3,4.3,4.3,4.3,4.3,4.3,4.3,4.3,4.3,4.3,4.4,4.4,4.4,4.4,4.2,4.3,4.3,4.3,4.3,4.4,4.4,4.4,4.4,4.4,4.4,4.4,4.4,4.4,4.4,4.4,4.6,4.6,4.6,4.6,4.6,4.6,4.4,4.4,4.4,4.4,4.4,4.4,4.4
214,,,SSD002,-,-,-,-,-,-,-,-,-,-,-,3.1,3.1,3.1,3.1,-,-,-,-,-,-,-,-,-,-,-,-,-,-,-,-,-,-,-,-,-,-,-,-,-,-,-,-,-,-,-,-,-,-,-,-,-
215,,,SSD003,-,-,-,-,-,-,-,-,-,-,-,-,-,-,-,-,-,-,-,-,-,-,-,-,-,-,-,-,-,-,-,-,-,-,-,-,-,-,-,-,-,-,-,-,-,-,3.4,3.5,3.5,3.5,3.5,-
216,Slovakia,Displacement from Ukraine conflict in Slovakia,SVK002,Decreasing,-,-,-,-,-,-,-,-,-,-,-,-,-,-,-,-,-,-,-,-,-,-,-,-,-,-,-,-,-,-,-,-,-,-,-,-,-,-,1.2,1.2,1.2,1.2,2.3,2.3,2.3,2.3,2.4,1.8,1.8,1.8,1.8
217,Eswatini,Food Security Crisis in Eswatini,SWZ001,Stable,-,-,-,-,-,-,-,-,-,-,-,-,-,-,-,-,-,-,-,-,-,-,2.7,2.7,2.7,2.7,2.7,2.7,2.7,2.7,2.3,2.3,2.3,2.3,2.5,2.5,2.4,2.4,2.4,2.4,2.3,2.3,2.2,2.1,2.1,2.3,2.3,2.3,2.3,2.3,2.3
218,Syria,Syrian conflict,SYR001,Stable,4.9,4.9,4.8,4.8,4.8,4.9,4.9,4.9,4.9,4.8,4.9,4.9,4.9,4.9,4.9,4.9,4.9,4.9,4.9,4.9,4.9,4.9,4.9,4.9,4.7,4.9,4.9,4.9,4.9,4.9,4.9,4.9,4.9,4.9,4.9,4.9,4.9,4.6,4.6,4.6,4.6,4.6,4.6,4.6,4.6,4.6,4.5,4.6,4.6,4.6,4.6
219,Syria,Türkiye / Syria earthquake in Syria,SYR002,-,-,-,-,-,-,-,-,-,-,-,-,-,-,-,-,-,-,-,-,-,-,-,-,-,-,-,-,-,-,-,-,-,-,-,-,-,-,-,-,-,-,-,-,-,-,-,-,-,-,-,3.4
220,Chad,Complex crisis in Chad,TCD001,Stable,-,-,-,4,4,4,4,4,4,4.1,4.1,4.1,4.1,4.1,4.1,4.1,4.1,4.1,4.1,4.1,4.1,4.2,4.1,4.1,4.1,4.1,4.1,4.1,4.1,4.1,4.1,4.1,4.1,4.1,4.1,4.1,4.1,4.1,4.1,4.1,4.2,4.2,4.4,4.4,4.4,4.4,4.4,4.4,4.4,4.4,4.4
221,,,TCD002,-,-,-,-,3,-,-,-,-,-,-,-,-,-,-,-,-,-,-,-,-,-,-,-,-,-,-,-,-,-,-,-,-,-,-,-,-,-,-,-,-,-,-,-,-,-,-,-,-,-,-,-
222,Chad,Boko Haram in Chad,TCD003,Stable,-,-,-,3.4,3.4,3.4,3.4,3.4,3.4,3.5,3.5,3.5,3.5,3.5,3.7,3.7,3.7,3.7,3.7,3.7,3.7,3.7,3.6,3.6,3.6,3.6,3.6,3.7,3.7,3.7,3.7,3.7,3.7,3.7,3.7,3.7,3.7,3.7,3.7,3.7,3.7,3.7,3.8,3.8,3.8,3.9,3.9,3.9,3.9,3.9,3.9
223,Chad,CAR refugees in Chad,TCD004,Decreasing,-,-,-,3.1,3.1,3.1,3.1,3.1,3.1,3.1,3.1,3.1,3.1,3.1,3.3,3.3,3.4,3.4,3.4,3.4,3.4,3.4,3.3,3.3,3.3,3.3,3.3,3.4,3.4,3.4,3.4,3.4,3.4,3.3,3.3,3.3,3.3,3.3,3.3,3.3,3.4,3.4,3.4,3.7,3.7,3.8,3.8,3.7,3.7,3.7,3.7
224,Chad,Darfur refugees in Chad,TCD005,Decreasing,-,-,-,3.3,3.3,3.3,3.3,3.3,3.3,3.3,3.3,3.3,3.3,3.3,3.3,3.4,3.4,3.4,3.3,3.3,3.2,3.2,3.2,3.2,3.2,3.2,3.2,3.3,3.3,3.3,3.3,3.3,3.3,3.2,3.2,3.2,3.2,3.2,3.2,3.2,3.2,3.2,3.7,3.7,3.7,3.9,3.9,3.8,3.8,3.8,3.8
225,Chad,Tibesti Conflict in Chad,TCD006,Decreasing,-,-,-,-,-,-,-,-,-,-,-,-,-,-,-,-,-,-,2.6,2.6,2.6,2.5,2.5,2.5,2.5,2.5,2.5,2.5,2.5,2.6,2.6,2.6,2.6,2.5,2.5,2.5,2.5,2.5,2.5,2.5,2.5,2.5,2.7,2.7,2.7,2.7,2.7,2.6,2.6,2.5,2.5
226,,,TCD008,-,-,-,-,-,-,-,-,-,-,-,-,-,-,-,-,-,-,-,-,-,2.1,2.6,2.6,2.6,2.6,-,-,-,-,-,-,-,-,-,-,-,-,-,-,-,-,-,-,-,-,-,-,-,-,-,-
227,Thailand,Multiple situations in Thailand,THA001,Stable,-,-,-,-,-,-,-,-,-,-,-,-,1.7,1.7,2.1,2.1,2.2,2.2,2.1,2.1,2.1,2.1,2.1,2.1,1.9,2,2,2,2.1,2.1,2.1,2,2,1.9,1.9,1.9,1.8,1.9,1.8,1.8,1.8,1.8,1.8,1.8,1.8,1.8,1.8,1.8,1.8,1.8,1.8
228,Thailand,Conflict in southern Thailand ,THA002,-,-,-,-,-,-,-,-,-,-,-,-,-,-,-,-,-,-,-,-,-,-,-,-,-,-,-,-,-,-,-,-,-,-,-,-,-,-,-,-,-,-,-,-,-,-,-,-,-,-,-,x
229,Thailand,Myanmar refugees in Thailand,THA003,Decreasing,-,1.2,1.2,1.4,1.4,1.4,1.4,1.4,1.4,1.4,2.1,2.1,2.1,2.1,2.1,2.1,2.1,2.1,2.1,2.1,2.1,2.2,2.3,2.3,2.3,2.3,2.3,2.3,2.3,2.3,2.3,2.3,2.3,2.3,2.3,2.3,2.3,2.3,2.3,2.3,2.2,2.2,2.2,2.2,2.2,2.3,2.3,2.3,2.3,2.3,2.1
230,,,TLS002,-,-,-,-,-,-,-,-,-,-,-,-,-,-,-,-,-,-,-,-,-,-,-,-,-,-,-,-,1.4,1.3,1.3,1.3,1.3,-,-,-,-,-,-,-,-,-,-,-,-,-,-,-,-,-,-,-
231,,,TON002,-,-,-,-,-,-,-,-,-,-,-,-,-,-,-,-,-,-,-,-,-,-,-,-,-,-,-,-,-,-,-,-,-,-,-,-,-,1.3,1.3,1.3,1.3,1.3,1.3,1.3,1.3,1.2,1.2,1.2,1.2,-,-,-
232,Trinidad and Tobago,Venezuelan refugees in Trinidad and Tobago,TTO002,Stable,-,0.9,0.9,1.4,1.4,1.4,1.4,1.4,1.4,1.4,1.7,1.5,1.5,1.5,1.5,1.5,1.6,1.5,1.5,1.5,1.5,1.5,1.8,1.7,1.7,1.7,1.7,1.7,1.7,1.7,1.7,1.7,1.7,1.8,1.8,1.8,1.8,1.6,1.6,1.6,1.6,1.6,1.9,1.9,1.9,1.9,2,2,2,2,2
233,Tunisia,Mixed migration flows in Tunisia,TUN002,Stable,-,-,-,-,-,-,-,-,-,-,-,-,-,-,-,-,-,-,-,-,-,-,-,-,-,-,-,-,-,-,-,-,-,-,-,-,-,-,-,-,-,-,1.8,1.8,1.8,1.8,1.8,1.8,1.8,1.8,1.8
234,Türkiye,Complex situation in Türkiye,TUR001,Increasing,-,-,-,3.6,3.6,3.6,3.5,3.5,3.5,3.5,3.5,3.5,3.2,3.2,3.2,3.2,3.3,3.2,3.2,3.2,3.2,3.3,3.3,3.3,3.2,3.2,3.2,3.2,3.2,3.2,3.2,3.2,3.2,3.2,3.2,3.2,3.2,3.2,3.2,3.2,3.2,3.2,3.2,3.2,3.1,3,3,3.2,3.2,3.4,3.4
235,Türkiye,Syrian Refugees in Türkiye,TUR002,Stable,-,-,-,3.3,3.3,3.3,3.3,3.3,3.3,3.3,3.3,3.3,3.3,3.3,3.3,3.3,3.3,3.3,3.3,3.3,3.3,3.3,3.3,3.3,3.3,3.3,3.3,3.3,3.3,3.3,3.3,3.3,3.3,3.3,3.3,3.2,3.2,3.2,3.2,3.3,3.3,3.3,3.3,3.3,3.4,3.3,3.3,3.3,3.3,3.3,3.3
236,Türkiye,Mixed Migration Flows in Türkiye,TUR003,Stable,-,-,-,3.3,3.3,3.3,3.2,3.3,3.3,3.2,3.2,3.2,3.1,3.1,3.1,3.1,3.2,3.2,3.2,3.2,3.2,3.2,3.2,3.2,3.2,3.2,3.2,3.2,3.2,3.2,3.2,3.2,3.2,3.2,3.2,3.3,3.3,3.3,3.2,3.2,3.2,3.2,3.2,3.2,3.3,2.3,2.4,2.4,2.4,2.4,2.4
237,Türkiye,Kurdish Conflict,TUR004,-,-,-,-,-,-,-,-,-,-,-,-,-,-,-,-,-,-,-,-,-,-,-,-,-,-,-,-,-,-,-,-,-,-,-,-,-,-,-,-,-,-,-,-,-,-,-,-,-,-,-,x
238,Türkiye,Türkiye / Syria earthquake in Türkiye,TUR005,-,-,-,-,-,-,-,-,-,-,-,-,-,-,-,-,-,-,-,-,-,-,-,-,-,-,-,-,-,-,-,-,-,-,-,-,-,-,-,-,-,-,-,-,-,-,-,-,-,-,-,3.3
239,Tanzania,Multiple Crises in Tanzania,TZA001,Stable,-,-,-,-,-,-,-,-,-,-,-,-,-,-,-,-,-,-,-,-,-,-,-,-,-,-,-,-,-,-,-,-,-,-,-,-,-,-,2.4,2.3,2.6,2.6,2.6,2.7,2.7,2.7,2.7,2.7,2.8,2.8,2.6
240,Tanzania,International Displacement in Tanzania,TZA002,Stable,1.5,1.5,1.5,2.2,2.2,2.1,1.8,1.8,1.9,1.8,1.8,1.8,1.8,1.8,1.8,1.8,1.8,1.8,1.8,2.5,2.4,1.7,1.7,1.7,1.7,1.7,1.7,1.8,1.8,1.8,2.4,2.4,2.4,2.4,2.3,2.4,2.4,2.4,2.3,2.3,2.3,2.3,2.3,2.3,2.3,2.3,2.3,2.3,2.3,2.3,2.3
241,Tanzania,Food Security Crisis in North-East Tanzania,TZA003,Increasing,-,-,-,-,-,-,-,-,-,-,-,-,-,-,-,-,-,-,-,-,-,-,-,-,-,-,-,-,-,-,-,-,-,-,-,-,-,-,2.2,2.2,2.3,2.3,2.3,2.3,2.3,2.3,2.3,2.3,2.5,2.5,2.4
242,,,UGA001,-,-,2.9,3,3.1,3.1,3,2.9,2.9,2.9,2.9,-,-,-,-,-,-,2.9,2.9,2.9,2.9,2.9,2.9,3.1,3.1,3.1,3.1,3.1,3.1,3.1,-,-,-,-,-,-,-,-,-,-,-,-,-,3.3,3.3,3.3,3.3,3.2,3.3,3.3,3.3,-
243,,,UGA002,-,-,2.8,2.8,2.6,2.6,2.5,2.5,2.5,2.5,-,-,-,-,-,-,-,-,-,-,-,-,-,-,-,-,-,-,-,-,-,-,-,-,-,-,-,-,-,-,-,-,-,-,-,-,-,-,-,-,-,-
244,,,UGA003,-,-,1.9,1.9,2.4,2.4,2.3,2.3,2.3,1.6,-,-,-,-,-,-,-,-,-,-,-,-,-,-,-,-,-,-,-,-,-,-,-,-,-,-,-,-,-,-,-,-,-,-,-,-,-,-,-,-,-,-
245,,,UGA004,-,-,2,2.2,2.4,2.4,2.3,2.3,2.3,2.3,-,-,-,-,-,-,-,-,-,-,-,-,-,-,-,-,-,-,-,-,-,-,-,-,-,-,-,-,-,-,-,-,-,-,-,-,-,-,-,-,-,-
246,Uganda,International Displacement in Uganda,UGA005,Stable,-,-,-,-,-,-,-,-,-,-,3,2.8,2.8,3,3,3,3,3.1,3.1,3.1,3.1,3.1,3.2,3.1,3.1,3.1,3.1,3.1,3.1,3.1,3.1,3.1,3.1,3.1,3.1,3.1,3.1,3.1,3.1,3.1,3.1,3.1,3.2,3.2,3.2,3.2,3.2,3.2,3.2,3.3,3.2
247,,,UGA006,-,-,-,-,-,-,-,-,-,-,-,-,-,-,-,-,-,-,-,-,-,-,-,-,-,-,-,-,-,-,-,-,-,-,-,-,-,-,-,-,-,-,-,-,-,-,-,-,-,-,-,-
248,,,UGA007,-,-,-,-,-,-,-,-,-,-,-,-,-,-,-,-,-,-,-,-,-,-,-,-,-,-,-,-,-,-,-,-,-,-,-,-,-,-,-,-,-,-,-,3.3,3,2.9,2.9,2.9,2.9,2.9,2.9,-
249,Ukraine,Conflict in Ukraine,UKR002,Stable,-,3.3,3.3,3.6,3.6,3.6,3.6,3.6,3.6,3.5,3.5,3.5,3.5,3.5,3.5,3.5,3.5,3.5,3.5,3.5,3.5,3.5,3.5,3.5,3.5,3.5,3.5,3.5,3.5,3.5,3.5,3.5,3.5,3.6,3.6,3.6,3.6,3.7,4,4.3,4.4,4.4,4.2,4.2,4.2,4.1,4.1,4.1,4.1,4.1,4.1
250,,,VCT002,-,-,-,-,-,-,-,-,-,-,-,-,-,-,-,-,-,-,-,-,-,-,-,-,-,-,-,-,1.5,1.5,1.6,1.6,1.6,-,-,-,-,-,-,-,-,-,-,-,-,-,-,-,-,-,-,-
251,Venezuela,Complex crisis in Venezuela,VEN001,Stable,4.2,4.2,4.2,3.9,3.9,4,4,4,4,4,4,4,4,4.1,4.1,4.1,4.1,4.1,4.1,4.1,4.1,4.1,4,4,4,4,4,4,4,4.1,4.1,4.1,4.1,4.2,4.2,4.2,4.2,4.2,4.2,4.1,4.1,4.1,4,4,4,3.9,4,4,4,4,4
252,,,VNM002,-,-,-,-,-,-,-,-,-,-,-,-,-,-,-,-,-,-,-,-,-,-,-,2.4,2.4,2.4,2.9,2.9,2.8,-,-,-,-,-,-,-,-,-,-,-,-,-,-,-,-,-,-,-,-,-,-,-
253,,,VUT002,-,-,-,-,-,-,-,-,-,-,-,-,-,-,-,-,1.9,1.9,2,2,2,2,2,2,2,2,2,2,2,-,-,-,-,-,-,-,-,-,-,-,-,-,-,-,-,-,-,-,-,-,-,-
254,Vanuatu,Cyclone Judy and cyclone Kevin in Vanuatu,VUT003,-,-,-,-,-,-,-,-,-,-,-,-,-,-,-,-,-,-,-,-,-,-,-,-,-,-,-,-,-,-,-,-,-,-,-,-,-,-,-,-,-,-,-,-,-,-,-,-,-,-,-,2.2
255,,,XXX002,-,-,1.5,-,-,-,-,-,-,-,-,-,-,-,-,-,-,-,-,-,-,-,-,-,-,-,-,-,-,-,-,-,-,-,-,-,-,-,-,-,-,-,-,-,-,-,-,-,-,-,-,-
256,,,XXX003,-,-,1.3,-,-,-,-,-,-,-,-,-,-,-,-,-,-,-,-,-,-,-,-,-,-,-,-,-,-,-,-,-,-,-,-,-,-,-,-,-,-,-,-,-,-,-,-,-,-,-,-,-
257,Yemen,Conflict in Yemen,YEM001,Stable,4.2,4.3,4.3,4.7,4.7,4.7,4.7,4.7,4.7,4.7,4.7,4.7,4.7,4.7,4.7,4.7,4.7,4.7,4.7,4.7,4.6,4.6,4.6,4.6,4.6,4.6,4.6,4.6,4.9,4.9,4.9,4.9,4.8,4.7,4.7,4.7,4.7,4.7,4.7,4.7,4.8,4.8,4.7,4.7,4.7,4.7,4.7,4.6,4.6,4.7,4.7
258,Yemen,Mixed migration flows in Yemen,YEM002,Decreasing,-,2.8,2.8,3,3,3,3,3,2.9,2.9,3,3,3,2.9,2.9,2.9,2.9,2.6,2.6,2.6,2.6,2.6,2.9,2.9,2.9,2.9,2.9,3,2.6,2.5,2.5,2.5,4.5,4.5,4.5,4.5,4.5,4.5,4.5,4.5,4.5,4.5,3.1,3.1,2.8,2.8,2.8,2.3,2.3,2.3,2.3
259,Zambia,Drought in Zambia,ZMB002,Stable,-,2.7,2.7,2.7,2.7,2.7,2.7,2.7,2.7,2.7,2.7,2.7,2.7,2.7,2.7,2.7,2.7,2.8,2.8,2.8,2.8,2.7,2.7,2.7,2.7,2.7,2.7,2.7,2.7,2.8,2.9,2.9,2.9,2.8,2.9,2.9,2.9,2.9,2.9,2.9,2.9,2.8,2.8,2.8,2.8,2.9,2.9,2.9,2.9,2.9,2.9
260,Zimbabwe,Complex crisis in Zimbabwe,ZWE001,Decreasing,-,3.6,3.8,3.9,3.9,3.9,3.9,3.9,3.9,3.7,3.7,3.7,3.8,3.8,3.8,3.7,3.7,3.7,3.7,3.7,3.7,3.5,3.5,3.5,3.5,3.5,3.5,3.5,3.5,3.5,3.4,3.4,3.4,3.4,3.4,3.7,3.8,3.8,3.8,3.8,3.8,3.8,3.8,3.8,3.8,3.8,3.9,3.9,3.9,3.6,3.5
261,,,ZWE002,-,-,-,2.3,3.2,3.2,-,-,-,-,-,-,-,-,-,-,-,-,-,-,-,-,-,-,-,-,-,-,-,-,-,-,-,-,-,-,-,-,-,-,-,-,-,-,-,-,-,-,-,-,-,-
262,,,ZWE003,-,-,-,-,-,-,-,-,-,-,-,-,-,-,-,-,-,-,2.6,2.6,2.6,2.6,2.6,2.6,-,-,-,-,-,-,-,-,-,-,-,-,-,-,-,-,-,-,-,-,-,-,-,-,-,-,-,-
