,Unnamed: 0,Unnamed: 1,Unnamed: 2,Unnamed: 3,Unnamed: 4,Unnamed: 5,Unnamed: 6,Unnamed: 7,Unnamed: 8,Unnamed: 9,Unnamed: 10,Unnamed: 11,Unnamed: 12,Unnamed: 13,Unnamed: 14,Unnamed: 15,Unnamed: 16,Unnamed: 17
0,,,,,,# of people in none/minimal conditions - Level 1,# of people in stressed conditions - level 2,# of people in moderate conditions - level 3,# of people severe conditions - level 4,# of people extreme conditions - level 5,People in Need,% of people in none/minimal conditions - Level 1,% of people in stressed conditions - level 2,% of people in moderate conditions - level 3,% of people severe conditions - level 4,% of people extreme conditions - level 5,Concentration of conditions,Conditions of people affected
1,,,,,MAX,,,,,,7,0.05,0.05,0.05,0.05,0.05,,
2,,,,,MIN,,,,,,4,,,,,,,
3,CRISIS,DRIVERS,CRISIS ID,COUNTRY,Iso3,,,,,,,,,,,,,
4,Complex crisis in Afghanistan,"Conflict,Violence,Displacement,Drought,Earthquake,Socio-political",AFG001,Afghanistan,AFG,0,19.4,9,14.7,0,5,0,0.45011600928074247,0.2088167053364269,0.34106728538283065,0,4,4.5
5,Earthquake in Herat Province,Earthquake,AFG006,Afghanistan,AFG,1.9,1.325,0.232,0.043,0,2.4,0.5428571428571428,0.37857142857142856,0.06628571428571428,0.012285714285714285,0,3,2.7
6,Drought in South-West Angola,Drought,AGO002,Angola,AGO,0.483,0.683,1.167,0.417,0,3.7,0.17563636363636365,0.24836363636363637,0.4243636363636364,0.15163636363636362,0,4,3.85
7,Nagorno-Karabakh Conflict in Armenia,"Conflict,Displacement",ARM002,Armenia,ARM,1.863,0.152,0.136,0,0,1.9,0.8657063197026023,0.07063197026022305,0.06319702602230483,0,0,3,2.45
8,Nagorno-Karabakh conflict in Azerbaijan,"Conflict,Displacement",AZE002,Azerbaijan,AZE,0.703,0.188,0.018,0,0,0.4,0.7742290748898678,0.20704845814977973,0.019823788546255508,0,0,2,1.2
9,Complex in Burundi,"Violence,Displacement,Floods",BDI001,Burundi,BDI,5.498,5.556,1.13,0.105,0,3.5,0.4473919765644072,0.4521116445601758,0.09195215233135325,0.008544226544063798,0,3,3.25
10,Conflict in Burkina Faso,"Conflict,Displacement,Violence",BFA002,Burkina Faso,BFA,16.919,0,2.582,1.947,0.089,4.4,0.7855783070994103,0,0.11988670659794771,0.09040256303106282,0.0041324232715791425,4,4.2
11,Rohingya refugee crisis,"Conflict,Violence,Displacement",BGD002,Bangladesh,BGD,0,0,1.252,0.257,0,3.6,0,0,0.8291390728476821,0.17019867549668874,0,4,3.8
12,Complex crisis in Bangladesh,"Socio-political,Displacement,Floods,Cyclone,Food Security,Epidemic,Other seasonal event",BGD010,Bangladesh,BGD,16.983,116.262,27.345,10.209,0,5,0.09943266646760227,0.6806948518433948,0.16010046897230076,0.059772012716702086,0,4,4.5
13,Displacement from Russia-Ukraine conflict in Bulgaria,"Conflict,Displacement",BGR002,Bulgaria,BGR,6.465,0,0.053,0,0,1.2,0.9918686713715864,0,0.008131328628413623,0,0,1,1.1
14,Displacement from Russia-Ukraine conflict in Belarus,"Displacement,Conflict",BLR002,Belarus,BLR,9.228,0,0.04,0,0,1,0.9956840742339231,0,0.0043159257660768235,0,0,1,1
15,Country level Brazil,"Displacement,Floods",BRA001,Brazil,BRA,119.64,0.468,0.986,x,x,3.3,0.9879927989826085,0.003864766214676202,0.008142434802715245,x,x,1,2.15
16,Venezuela displacement in Brazil,Displacement,BRA002,Brazil,BRA,97.804,0.138,0.361,x,x,2.6,0.9949238578680203,0.0014038228741747455,0.00367231925780495,x,x,1,1.8
17,Floods in rainy season 2022,Floods,BRA003,Brazil,BRA,18.496,0.329,0.025,x,x,0.7,0.9812201591511936,0.017453580901856763,0.001326259946949602,x,x,1,0.85
18,Drought in the Amazonas,Drought,BRA004,Brazil,BRA,3.343,0,0.6,x,x,3,0.848261862471454,0,0.1522456229383405,x,x,3,3
19,Complex crisis in CAR,"Conflict,Displacement",CAF001,CAR,CAF,0,2.7,2.1,1.3,0,4.2,0,0.4426229508196721,0.3442622950819672,0.21311475409836064,0,4,4.1
20,Venezuela displacement in Chile,Displacement,CHL002,Chile,CHL,6.472,12.853,0.278,x,x,2.4,0.3301367067945317,0.6556315037747399,0.014180779432768824,x,x,2,2.2
21,Multiple crises in Cameroon,"Conflict,Displacement",CMR001,Cameroon,CMR,21.831,0,2.477,1.372,x,4.3,0.8501168224299065,0,0.09645638629283489,0.053426791277258565,x,4,4.15
22,Lake Chad basin crisis in Cameroon,Conflict,CMR002,Cameroon,CMR,3.623,0,0.493,1.063,x,3.7,0.6995558988221664,0,0.09519212203128016,0.20525197914655338,x,4,3.85
23,Anglophone Crisis in Cameroon,Conflict,CMR003,Cameroon,CMR,13.165,0,1.377,0.309,x,3.7,0.8864722914281866,0,0.09272102888694364,0.020806679684869704,x,3,3.35
24,CAR refugees in Cameroon,"Conflict,Displacement",CMR004,Cameroon,CMR,5.043,0,0.607,x,x,3,0.892566371681416,0,0.10743362831858407,x,x,3,3
25,Complex crisis in DRC,"Conflict,Displacement,Socio-political",COD001,DRC,COD,82.155,0.529,10.3,10.8,4.8,5,0.7566031827893612,0.004871804317394828,0.0948574375598615,0.09946216753849554,0.04420540779488691,4,4.5
26,Complex crisis in Congo,Conflict,COG001,Congo,COG,5.507,0.159,0.134,0,0,1.9,0.9494827586206896,0.027413793103448277,0.023103448275862068,0,0,2,1.95
27,Complex crisis in Colombia,"Socio-political,Conflict,Violence,Floods,Displacement",COL001,Colombia,COL,41.8,2.1,4.206,3.1,0.394,4.8,0.810077519379845,0.040697674418604654,0.08151162790697675,0.060077519379844964,0.007635658914728683,4,4.4
28,Venezuela displacement in Colombia,Displacement,COL002,Colombia,COL,3.222,16.918,2.95,2.174,0.276,4.6,0.12615011158529424,0.662385967659841,0.11550056771465488,0.08511804549547786,0.010806154809913473,4,4.3
29,Nicaraguan refugees in Costa Rica,Displacement,CRI002,Costa Rica,CRI,2.215,0,0.235,0,0,2.3,0.9037127702978376,0,0.09587923296613628,0,0,3,2.65
30,Displacement from Russia-Ukraine conflict in Czechia,"Conflict,Displacement",CZE002,Czech Republic,CZE,10.672,0,0.376,0,0,2.6,0.9659666908037654,0,0.03403330919623461,0,0,1,1.8
31,Multiple crises in Djibouti,"Displacement,Drought",DJI001,Djibouti,DJI,0.465,0.402,0.215,0.1,0,2.5,0.3934010152284264,0.3401015228426396,0.18189509306260576,0.08460236886632826,0,4,3.25
32,Mixed migration in Djibouti,Displacement,DJI002,Djibouti,DJI,0.646,0,0.03,x,x,0.8,0.9556213017751479,0,0.04437869822485207,x,x,1,0.9
33,Drought in Djibouti,Drought,DJI003,Djibouti,DJI,0.495,0.402,0.185,0.1,0,2.4,0.41878172588832485,0.3401015228426396,0.15651438240270726,0.08460236886632826,0,4,3.2
34,Venezuela displacement in Dominican Republic,Displacement,DOM002,Dominican Republic,DOM,11.105,0.005,0.119,0,0,1.8,0.9889571644848161,0.00044527562561225397,0.010597559889571645,0,0,1,1.4
35,Mixed migration flows in Algeria,Displacement,DZA002,Algeria,DZA,45.735,0,0.263,x,x,2.4,0.9942823601026132,0,0.005717639897386843,x,x,1,1.7
36,Sahrawi refugees in Algeria,Displacement,DZA003,Algeria,DZA,0.049,0.084,0.09,x,x,1.6,0.21973094170403587,0.37668161434977576,0.40358744394618834,x,x,3,2.3
37,Multiple crises in Algeria,Displacement,DZA004,Algeria,DZA,45.784,0.084,0.353,x,x,2.6,0.990545423076091,0.001817355747387551,0.007637221176521495,x,x,1,1.8
38,Venezuela displacement in Ecuador,Displacement,ECU002,Ecuador,ECU,10.409,7.189,0.403,x,x,2.7,0.5782456530192767,0.39936670184989725,0.022387645130826066,x,x,2,2.35
39,Refugees in Egypt,"Displacement,Conflict",EGY004,Egypt,EGY,113.236,0,0.48,x,x,2.8,0.9957789581061592,0,0.0042210418938407965,x,x,1,1.9
40,Complex crisis in Eritrea,"Socio-political,Displacement",ERI001,Eritrea,ERI,2.686,0,1.1,x,x,3.4,0.7094558901215002,0,0.2905441098784997,x,x,3,3.2
41,Mixed migration flows in Spain,Displacement,ESP002,Spain,ESP,47.49,0,0.062,x,x,1.3,0.9986961641991925,0,0.001303835800807537,x,x,1,1.15
42,Displacement from Russia-Ukraine conflict in Estonia,"Conflict,Displacement",EST002,Estonia,EST,1.349,0,0.05,0,0,1.2,0.9642601858470335,0,0.035739814152966405,0,0,1,1.1
43,Complex crisis in Ethiopia,"Displacement,Floods,Conflict",ETH001,Ethiopia,ETH,42.21,57.479,28.6,x,x,5,0.3290227533147815,0.44804309021038435,0.22293415647483417,x,x,3,4
44,International Displacement,Displacement,ETH003,Ethiopia,ETH,86.31,41.016,0.963,x,x,3.3,0.6727778687182845,0.31971564202698594,0.007506489254729556,x,x,2,2.65
45,Northern Ethiopia Conflict,"Conflict,Displacement",ETH004,Ethiopia,ETH,0,21.8,8.8,x,x,4.9,0,0.7124183006535948,0.2875816993464052,x,x,3,3.95
46,Drought in Ethiopia,Drought,ETH005,Ethiopia,ETH,38.3,4,20.1,x,x,5,0.6137820512820513,0.0641025641025641,0.32211538461538464,x,x,3,4
47,Mixed migration flows in Greece,Displacement,GRC002,Greece,GRC,0.463,0,0.095,x,x,1.6,0.8297491039426523,0,0.17025089605734767,x,x,3,2.3
48,Complex crisis in Guatemala,"Violence,Socio-political,Other seasonal event",GTM001,Guatemala,GTM,8.438,3.862,5.3,0,0,4.5,0.4794318181818182,0.21943181818181817,0.30113636363636365,0,0,3,3.75
49,Complex crisis in Honduras,"Violence,Socio-political,Other seasonal event",HND001,Honduras,HND,3.93,3.015,1.428,1.372,0,4.1,0.4032837352488456,0.30938943047716777,0.1465366854797332,0.14079014879425347,0,4,4.05
50,Complex crisis in Haiti,"Earthquake,Violence,Socio-political,Other seasonal event",HTI001,Haiti,HTI,3.3,2.6,3.031,1.568,0.902,4.6,0.2894736842105263,0.22807017543859648,0.26587719298245616,0.1375438596491228,0.07912280701754386,5,4.8
51,Nippes Earthquake ,Earthquake,HTI002,Haiti,HTI,5.739,0.04,0.65,0,0,3,0.892673821745217,0.006221807435059885,0.10110437081972314,0,0,3,3
52,Displacement from Russia-Ukraine conflict in Hungary,"Conflict,Displacement",HUN002,Hungary,HUN,9.643,0,0.066,0,0,1.4,0.9932021835410444,0,0.006797816458955608,0,0,1,1.2
53,Papua Conflict,"Socio-political,Violence",IDN002,Indonesia,IDN,0,5.338,0.1,0,0,1.7,0,0.9816108863552777,0.018389113644722323,0,0,2,1.85
54,Conflict in Jammu and Kashmir,Socio-political,IND002,India,IND,14.999,x,x,x,x,x,1,x,x,x,x,x,x
55,Afghan Refugees in Iran,Displacement,IRN004,Iran,IRN,20.346,0,1.377,3.1,0,4.4,0.8196430729565323,0,0.05547274704910768,0.12488417999436006,0,4,4.2
56,Multiple crises in Iraq,"Violence,Displacement,Socio-political,Conflict",IRQ001,Iraq,IRQ,38.915,2.8,2.408,0.245,0.128,4.1,0.8745729953254225,0.06292700467457749,0.05411722402013664,0.005506112909025531,0.002876663070837828,3,3.55
57,Conflict  in Iraq,"Conflict,Socio-political,Violence",IRQ002,Iraq,IRQ,38.382,2.8,2.15,0.225,0.125,4,0.8786685591319079,0.06409962913785999,0.04921935808799963,0.005150863055720892,0.0028615905865116064,3,3.5
58,Syrian and Palestinian refugees in iraq,Displacement,IRQ003,Iraq,IRQ,5.755,0.416,0.258,0.02,0.003,2.4,0.8919714817110973,0.06447613143211407,0.03998760074395536,0.0030998140111593306,0.00046497210167389957,2,2.2
59,Mixed migration flows in Italy,Displacement,ITA002,Italy,ITA,58.769,0,0.159,x,x,2,0.9973017920173771,0,0.0026982079826228618,x,x,1,1.5
60,Syrian refugees in Jordan,Displacement,JOR002,Jordan,JOR,5.088,0.422,3.505,0.092,0,4.3,0.5586297760210803,0.04633289415898111,0.384826526130874,0.010101010101010102,0,3,3.65
61,Multiple crisis in Kenya ,"Drought,Displacement",KEN001,Kenya,KEN,0.559,27.08,1.882,0.266,0,3.9,0.018766576023097323,0.9091214288112264,0.06318192500083929,0.008930070164837009,0,3,3.45
62,Refugee situation in Kenya,Displacement,KEN002,Kenya,KEN,0.559,0,0.623,x,x,3,0.47292724196277497,0,0.5270727580372251,x,x,3,3
63,Drought in Kenya,Drought,KEN003,Kenya,KEN,0,27.08,1.259,0.266,0,3.6,0,0.9466876420206257,0.04401328439084076,0.009299073588533473,0,3,3.3
64,2023 Floods in Laos,Floods,LAO003,Laos,LAO,5.818,0.089,0.021,0,0,0.5,0.9814439946018894,0.01501349527665317,0.00354251012145749,0,0,1,0.75
65,Syrian refugees in Lebanon,Displacement,LBN002,Lebanon,LBN,0,4.2,1.5,x,x,3.6,0,0.7368421052631579,0.2631578947368421,x,x,3,3.3
66,Socioeconomic crisis in Lebanon,"Socio-political,Violence,Tecnological Disaster",LBN004,Lebanon,LBN,0,1.8,3.9,x,x,4.3,0,0.3157894736842105,0.6842105263157895,x,x,3,3.65
67,Complex crisis in Libya,"Conflict,Displacement,Socio-political",LBY001,Libya,LBY,0,5.767,1.165,x,x,3.4,0,0.8319388343912291,0.1680611656087709,x,x,3,3.2
68,Mixed migration flows in Libya,Displacement,LBY002,Libya,LBY,0,6.739,0.193,x,x,2.1,0,0.9721581073283324,0.027841892671667628,x,x,2,2.05
69,Storm Daniel and floods in Libya,"Floods,Other seasonal event",LBY003,Libya,LBY,0,1.126,0.884,x,x,3.2,0,0.5601990049751244,0.43980099502487563,x,x,3,3.1
70,Multiple crises in Sri Lanka,"Socio-political,Food Security,Floods",LKA001,Sri Lanka,LKA,0,15.022,6.015,1,0,4.7,0,0.6816717339020738,0.2729500385714934,0.045378227526432814,0,3,3.85
71,Socio-economic crisis in Sri Lanka,"Socio-political,Food Security",LKA002,Sri Lanka,LKA,0,15.037,6,1,0,4.7,0,0.6823524073149703,0.2722693651585969,0.045378227526432814,0,3,3.85
72,2023 Floods and Monsoon Rain,Floods,LKA003,Sri Lanka,LKA,4.354,0.06,0.015,0,0,0.3,0.9830661548882367,0.013547076089410703,0.0033867690223526757,0,0,1,0.65
73,Displacement from Russia-Ukraine conflict in Lithuania,"Conflict,Displacement",LTU002,Lithuania,LTU,2.832,0,0.052,0,0,1.2,0.9819694868238558,0,0.018030513176144243,0,0,1,1.1
74,Displacement from Russia-Ukraine conflict in Latvia,"Conflict,Displacement",LVA002,Latvia,LVA,1.879,0,0.047,0,0,1.1,0.9755970924195223,0,0.024402907580477674,0,0,1,1.05
75,Multiple crises in Morocco,"Displacement,Earthquake",MAR001,Morocco,MAR,0,37.536,0.519,x,x,2.9,0,0.9863618446984628,0.013638155301537249,x,x,2,2.45
76,Mixed migration flows in Morocco,Displacement,MAR002,Morocco,MAR,0,38.036,0.019,x,x,0.5,0,0.9995007226382867,0.0004992773617133097,x,x,2,1.25
77,Al Haouz Earthquake in Morocco,Earthquake,MAR003,Morocco,MAR,0,37.555,0.5,x,x,2.8,0,0.9868611220601761,0.01313887793982394,x,x,2,2.4
78,DIsplacement from Russia-Ukraine conflict in Moldova,"Displacement,Conflict",MDA002,Moldova,MDA,2.539,0,0.121,0,0,1.8,0.9545112781954888,0,0.04548872180451128,0,0,1,1.4
79,Multiple crisis in Madagascar,"Drought,Cyclone",MDG001,Madagascar,MDG,0,7.097,2.247,0.043,0,3.9,0,0.7560455949717695,0.23937360178970918,0.004580803238521359,0,3,3.45
80,Drought in Madagascar,Drought,MDG002,Madagascar,MDG,2.909,3.516,1.264,0.043,0,3.5,0.37622866011381273,0.45473357475426796,0.1634764614588722,0.005561303673047077,0,3,3.25
81,Tropical cyclone Freddy in Madagascar,Cyclone,MDG008,Madagascar,MDG,0,8.404,0.983,x,x,3.3,0,0.8952807073612443,0.10471929263875572,x,x,3,3.15
82,Multiple crisis in Mexico,"Violence,Displacement",MEX001,Mexico,MEX,117.806,0.487,0.121,0,0,1.8,0.9948654719881095,0.004112689377945175,0.0010218386339453105,0,0,1,1.4
83,Criminal Violence in Mexico,"Violence,Displacement",MEX002,Mexico,MEX,118.035,0.379,x,x,x,x,0.9967993649399565,0.003200635060043576,x,x,x,x,x
84,Mixed Migration in Mexico,Displacement,MEX003,Mexico,MEX,57.699,0.108,0.121,0,0,1.8,0.9960640116008079,0.001864415557512041,0.002088835948694046,0,0,1,1.4
85,Complex crisis in Mali,Conflict,MLI001,Mali,MLI,8.8,4.1,6.8,1.8,0.2,4.9,0.4055299539170507,0.1889400921658986,0.31336405529953915,0.08294930875576037,0.009216589861751152,4,4.45
86,Multiple crises in Myanmar,"Socio-political,Conflict,Violence",MMR001,Myanmar,MMR,1.1,37.338,12.849,4.673,0,5,0.019656897784131523,0.6672265904217298,0.22961043602573267,0.083506075768406,0,4,4.5
87,Rakhine Conflict,Conflict,MMR002,Myanmar,MMR,0,1.8,0.434,1.238,0,3.7,0,0.5184331797235023,0.125,0.3565668202764977,0,4,3.85
88,Kachin and Shan Conflict,Conflict,MMR003,Myanmar,MMR,0,3.4,1.165,0.308,0,3.6,0,0.697722142417402,0.2390724399753745,0.06320541760722348,0,4,3.8
89,Post-coup conflict in Myanmar,"Violence,Socio-political,Conflict",MMR004,Myanmar,MMR,9.445,32.138,11.25,3.127,0,5,0.16878127233738385,0.5743030736240171,0.20103645461043604,0.055879199428162975,0,4,4.5
90,Multiple Crises in Mozambique,"Conflict,Displacement,Cyclone",MOZ001,Mozambique,MOZ,21.604,10.56,2.254,x,x,3.9,0.6276948108547853,0.30681620082514965,0.06548898832006508,x,x,3,3.45
91,Cabo Delgado Islamist Insurgency,"Conflict,Displacement",MOZ004,Mozambique,MOZ,0,9.884,1.7,x,x,3.7,0,0.8532458563535912,0.14675414364640885,x,x,3,3.35
92,Tropical Cyclone Freddy in Mozambique,Cyclone,MOZ010,Mozambique,MOZ,16.794,0.677,0.554,x,x,2.9,0.9317059639389736,0.03755894590846047,0.03073509015256588,x,x,2,2.45
93,Refugees from Mali in Mauritania,Displacement,MRT002,Mauritania,MRT,0,5.13,0.013,x,x,0.2,0,0.9974722924363212,0.0025277075636787865,x,x,2,1.1
94,Food Security in Mauritania,"Drought,Floods",MRT003,Mauritania,MRT,2.248,0.823,0.444,0.028,0,2.8,0.6344905447360993,0.2322890206040079,0.12531752751905165,0.007902907140841095,0,3,2.9
95,Complex crisis in Malawi,"Drought,Socio-political,Cyclone",MWI002,Malawi,MWI,9.123,6.167,4.136,0.266,0,4.4,0.46328458257160265,0.31317286207596995,0.21003453178955922,0.01350802356286817,0,3,3.7
96,Tropical Cyclone Freddy in Malawi,Cyclone,MWI005,Malawi,MWI,5.451,0.663,1.637,0,0,3.7,0.7032640949554896,0.08553735001935234,0.21119855502515805,0,0,3,3.35
97,International Refugees in Malaysia,Displacement,MYS001,Malaysia,MYS,0,9.905,0.185,x,x,2.1,0,0.9816650148662042,0.018334985133795837,x,x,2,2.05
98,Food Security Crisis in Namibia,Drought,NAM002,Namibia,NAM,1.004,0.943,0.63,0.065,0,3.1,0.38001514004542014,0.35692657077971235,0.2384557153671461,0.024602573807721424,0,3,3.05
99,Multiple crises in Niger,"Conflict,Displacement",NER001,Niger,NER,9.399,0,1.756,1.385,0,4.2,0.7495215311004785,0,0.14003189792663476,0.11044657097288677,0,4,4.1
100,Lake Chad basin crisis in Niger,Conflict,NER002,Niger,NER,0.22,0,0.057,0.512,0,2.9,0.27918781725888325,0,0.07233502538071065,0.649746192893401,0,4,3.45
101,Mali/Burkina Faso conflict,Conflict,NER003,Niger,NER,5.801,0,0.876,0.873,0,3.7,0.7683443708609271,0,0.11602649006622516,0.11562913907284768,0,4,3.85
102,Nigerian Refugees,Displacement,NER004,Niger,NER,3.379,0,0.823,0,0,3.2,0.8041408852927178,0,0.19585911470728223,0,0,3,3.1
103,Complex crisis in Nigeria,"Conflict,Displacement,Violence",NGA001,Nigeria,NGA,104.75,63.958,23.706,1.108,0,5,0.5412793311389343,0.3304930163339758,0.12249706753202462,0.005725417650615172,0,3,4
104,Middle belt conflict,Violence,NGA003,Nigeria,NGA,9.555,5.977,2.468,0,0,4,0.5308333333333334,0.33205555555555555,0.1371111111111111,0,0,3,3.5
105,Lake Chad basin crisis in Nigeria,"Conflict,Displacement",NGA004,Nigeria,NGA,2,5.8,5.9,2.2,0.2,4.9,0.12422360248447205,0.36024844720496896,0.36645962732919257,0.13664596273291926,0.012422360248447204,4,4.45
106,Northwest Banditry,"Violence,Displacement",NGA007,Nigeria,NGA,19.508,15.815,6.994,0.431,0,4.8,0.45634883503321794,0.3699588284832039,0.16360999344998597,0.010082343033592215,0,3,3.9
107,Cameroonian Refugees in Nigeria,Displacement,NGA008,Nigeria,NGA,12.588,0,0.087,x,x,1.6,0.9931360946745562,0,0.006863905325443787,x,x,1,1.3
108,Socioeconomic crisis in Nicaragua,Socio-political,NIC001,Nicaragua,NIC,6.948,0.25,0,0,0,0,0.9652681300361211,0.03473186996387886,0,0,0,1,0.5
109,Karnali Earthquake,Earthquake,NPL003,Nepal,NPL,10.338,1.384,0.25,0,0,2.3,0.8635148680253926,0.11560307383895757,0.02088205813564985,0,0,2,2.15
110,Complex crisis in Pakistan,"Displacement,Conflict",PAK001,Pakistan,PAK,145.218,73.815,18.503,2.097,0,5,0.6060016775652769,0.30803353461334626,0.07721390626499688,0.008750881556379965,0,3,4
111,Kashmir conflict in Pakistan,Conflict,PAK004,Pakistan,PAK,4.361,x,x,x,x,x,1,x,x,x,x,x,x
112,Floods in Pakistan ,Other seasonal event,PAK005,Pakistan,PAK,0,12.4,20.57,0.03,0,5,0,0.37575757575757573,0.6233333333333333,0.0009090909090909091,0,3,4
113,Venezuela displacement in Panama,Displacement,PAN002,Panama,PAN,0,0.023,0.036,0,0,0.9,0,0.39655172413793105,0.6206896551724138,0,0,3,1.95
114,Venezuela displacement in Peru,Displacement,PER002,Peru,PER,19.429,13.611,1.01,x,x,3.3,0.5706020558002937,0.39973568281938326,0.029662261380323053,x,x,2,2.65
115,Mindanao conflict,"Conflict,Violence",PHL003,Philippines,PHL,26.107,0,0.145,x,x,1.9,0.9944766113058052,0,0.005523388694194728,x,x,1,1.45
116,Multiple crises in Papua New Guinea,0,PNG001,Papua New Guinea,PNG,8.822,0.254,0.058,x,x,1.3,0.9659476623234424,0.02781123398664185,0.006350596737107194,x,x,1,1.15
117,Highlands Violence,Earthquake,PNG003,Papua New Guinea,PNG,4.302,0.233,0.031,x,x,0.8,0.9421813403416557,0.0510293473499781,0.006789312308366185,x,x,2,1.4
118,2023 Ulawun Volcano Eruption in Papua New Guinea,Volcano Eruption,PNG004,Papua New Guinea,PNG,4.52,0.02,0.026,x,x,0.7,0.9899255365746824,0.004380201489268506,0.0056942619360490585,x,x,1,0.85
119,Displacement from Russia-Ukraine conflict in Poland,"Displacement,Conflict",POL002,Poland,POL,36.822,0,0.957,0,0,3.3,0.9746942665043147,0,0.02533220392821219,0,0,1,2.15
120,Complex crisis in DPRK,"Socio-political,Floods,Other seasonal event,Food Security",PRK001,DPRK,PRK,0,15.254,4.97,5.459,0,5,0,0.5828366192877885,0.18989760048907228,0.20858169035610577,0,4,4.5
121,Conflict in Palestine,"Conflict,Socio-political,Violence",PSE002,Palestine,PSE,0.831,1.597,1.234,1.278,0.613,4.2,0.1496757925072046,0.28764409221902015,0.22226224783861673,0.23018731988472624,0.11041066282420749,5,4.6
122,Conflict in West Bank,"Conflict,Displacement,Socio-political,Violence",PSE003,Palestine,PSE,0.831,1.594,0.756,0.108,0.036,3.3,0.24984966927239927,0.4792543595911004,0.22730006013229104,0.032471437161755864,0.010823812387251955,3,3.15
123,Conflict in Gaza,"Conflict,Displacement,Socio-political,Violence",PSE004,Palestine,PSE,0,0.003,0.478,1.17,0.577,3.9,0,0.001347103726986978,0.21463852716659182,0.5253704535249214,0.2590929501571621,5,4.45
124,Lake Chad basin regional crisis,0,REG001,"Nigeria,Niger,Chad,Cameroon","NGA,NER,TCD,CMR",10.439,0,5.819,4.406,0.874,5,0.4846782431052094,0,0.27017364657814097,0.20456866932862847,0.04057944098802117,4,4.5
125,Venezuela Regional Crisis,0,REG002,"Venezuela,Brazil,Colombia,Ecuador,Peru,Trinidad and Tobago,Chile,Dominican Republic,Panama","VEN,BRA,COL,ECU,PER,TTO,CHL,DOM,PAN",149.809,37.651,26.943,0,0,5,0.6987294894637177,0.17560936931558474,0.12566580535629332,0,0,3,4
126,Regional Kashmir conflict,0,REG003,"India,Pakistan","IND,PAK",19.36,x,x,x,x,x,1,x,x,x,x,x,x
127,Syrian Regional Crisis,0,REG004,"Syria,Türkiye,Iraq,Egypt,Jordan,Lebanon","SYR,TUR,IRQ,EGY,JOR,LBN",62.062,13.93,14.167,6.254,0.127,5,0.642863061943236,0.14429252123472136,0.14674746219183757,0.06478143774601201,0.0013155168841930806,4,4.5
128,Eastern Mediterranean Route ,0,REG006,"Türkiye,Greece","TUR,GRC",15.56,0.358,0.355,0.021,0,2.6,0.9549527433411071,0.021971277770958635,0.021787160918129374,0.001288817969804836,0,1,1.8
129,Central Mediterranean Route,0,REG007,"Algeria,Tunisia,Libya,Italy","DZA,TUN,LBY,ITA",116.99,6.823,0.788,x,x,3.2,0.9389170231378561,0.0547587900578647,0.006324186804279259,x,x,2,2.6
130,Western Mediterranean Route,0,REG008,"Algeria,Morocco,Spain","DZA,MAR,ESP",131.31,0.084,0.434,x,x,2.7,0.996070637497345,0.0006371939193494554,0.003292168583305519,x,x,1,1.85
131,Rohingya Regional Crisis,0,REG011,"Bangladesh,Myanmar","BGD,MMR",0,1.8,1.686,1.495,0,4.2,0,0.36130068245684466,0.3384183059012445,0.30008028904054596,0,4,4.1
132,Southern Africa Regional Food Security Crisis,0,REG012,"Lesotho,Madagascar,Malawi,Namibia,Eswatini,Zambia,Zimbabwe,Tanzania","LSO,MDG,MWI,NAM,SWZ,ZMB,ZWE,TZA",17.843,49.309,13.402,0.447,0,5,0.22028395061728395,0.6087530864197531,0.1654567901234568,0.005518518518518518,0,3,4
133,Nagorno-Karabakh Conflict,0,REG013,"Armenia,Azerbaijan","ARM,AZE",2.566,0.34,0.154,0,0,2,0.838562091503268,0.1111111111111111,0.05032679738562092,0,0,3,2.5
134,Eastern Africa Regional Drought Crisis,Drought,REG014,"Ethiopia,Somalia,Kenya","ETH,SOM,KEN",48.884,34.585,24.64,1.28,0,5,0.4466046027207031,0.3159688279415661,0.2251112308943238,0.01169408991658825,0,3,4
135,Turkiye / Syria earthquake,Earthquake,REG015,"Türkiye,Syria","TUR,SYR",9.1,14.723,3.021,0.15,0.006,4.2,0.337037037037037,0.5452962962962963,0.11188888888888888,0.005555555555555556,0.00022222222222222223,3,3.6
136,Displacement from Russia-Ukraine conflict in Romania,"Conflict,Displacement",ROU002,Romania,ROU,19.047,0,0.086,x,x,1.6,0.9955051481733131,0,0.004494851826686876,x,x,1,1.3
137,Displacement from Russia-Ukraine conflict in Russia,"Conflict,Displacement",RUS002,Russia,RUS,144.237,0,1.213,0,0,3.5,0.991660364386387,0,0.008339635613612926,0,0,1,2.25
138,Burundi and DRC refugees in Rwanda,Displacement,RWA002,Rwanda,RWA,2.382,0,0.135,x,x,1.9,0.9463647199046484,0,0.05363528009535161,x,x,3,2.45
139,Complex crisis in Sudan,"Displacement,Violence,Floods",SDN001,Sudan,SDN,0,25.117,10.485,8.97,5.228,5,0,0.5043574297188755,0.2105421686746988,0.18012048192771085,0.10497991967871485,5,5
140,Refugees in Sudan,Displacement,SDN005,Sudan,SDN,0,13.676,0.65,0.218,0.226,3.4,0,0.9259309410968178,0.044008124576844956,0.014759647935003384,0.015301286391333784,3,3.2
141,Drought in Senegal,Drought,SEN002,Senegal,SEN,15.012,2.707,0.314,0,0,2.5,0.8325199645075422,0.15012200532386868,0.017413487133984027,0,0,2,2.25
142,Complex crisis in El Salvador,"Displacement,Violence,Floods,Drought",SLV001,El Salvador,SLV,5.185,0,0.446,0.669,0,3.4,0.823015873015873,0,0.0707936507936508,0.1061904761904762,0,4,3.7
143,Complex crisis in Somalia,"Conflict,Displacement,Floods,Drought",SOM001,Somalia,SOM,0,10,3.45,2.156,1.294,4.7,0,0.591715976331361,0.20414201183431951,0.12757396449704142,0.07656804733727811,5,4.85
144,Mixed Migration Flows in Somalia,Displacement,SOM002,Somalia,SOM,2.656,0,0.038,x,x,1,0.985894580549369,0,0.014105419450631032,x,x,1,1
145,Complex crisis in South Sudan,"Conflict,Floods,Displacement",SSD001,South Sudan,SSD,0,3.777,9,x,x,4.9,0,0.295609297957267,0.704390702042733,x,x,3,3.95
146,Displacement from Russia-Ukraine conflict in Slovakia,"Displacement,Conflict",SVK002,Slovakia,SVK,5.432,0,0.114,0,0,1.8,0.9794446447890371,0,0.020555355210962856,0,0,1,1.4
147,Food Security Crisis in Eswatini,Drought,SWZ001,Eswatini,SWZ,0.475,0.431,0.268,0.015,0,2.4,0.3998316498316498,0.3627946127946128,0.2255892255892256,0.012626262626262626,0,3,2.7
148,Syrian conflict,"Conflict,Displacement,Violence",SYR001,Syria,SYR,0,6.171,11.661,4.177,0.116,5,0,0.27891525423728813,0.5270508474576271,0.18879096045197738,0.005242937853107345,4,4.5
149,Türkiye / Syria earthquake in Syria,Earthquake,SYR002,Syria,SYR,4.778,4.7,2.993,1.066,0.041,4.4,0.3518927677124761,0.34614818088083665,0.22043010752688172,0.0785093533657387,0.003019590514066873,4,4.2
150,Complex crisis in Chad,"Conflict,Displacement",TCD001,Chad,TCD,12.921,0,2.531,1.744,1.098,4.6,0.7062971466054444,0,0.13835137203454684,0.09533180277686673,0.060019678583142014,5,4.8
151,Lake Chad basin crisis,Conflict,TCD003,Chad,TCD,0.137,0,0,0.146,0.626,3.1,0.15088105726872247,0,0,0.16079295154185022,0.6894273127753304,5,4.05
152,CAR refugees in Chad,Displacement,TCD004,Chad,TCD,2.188,0,0,0,1.261,3.5,0.634386778776457,0,0,0,0.36561322122354306,5,4.25
153,Darfur refugees in Chad,Displacement,TCD005,Chad,TCD,1.076,0,0,0,1.434,3.6,0.42885611797528894,0,0,0,0.5715424471901156,5,4.3
154,Multiple situations in Thailand,"Conflict,Displacement",THA001,Thailand,THA,3.709,0,0.091,0,0,1.6,0.9760526315789474,0,0.02394736842105263,0,0,1,1.3
155,Conflict in southern Thailand ,Conflict,THA002,Thailand,THA,3.458,x,x,x,x,x,1,x,x,x,x,x,x
156,Myanmar refugees in Thailand,Conflict,THA003,Thailand,THA,0.252,0,0.091,0,0,1.6,0.7368421052631579,0,0.26608187134502925,0,0,3,2.3
157,Food Security Crisis in Timor-Leste,Food Security,TLS003,Timor Leste,TLS,0.549,0.549,0.255,0.007,0,2.4,0.40397350993377484,0.40397350993377484,0.18763796909492272,0.0051508462104488595,0,3,2.7
158,Venezuelan refugees in Trinidad and Tobago,Displacement,TTO002,Trinidad and Tobago,TTO,1.319,0.174,0.038,x,x,1,0.8615284128020901,0.11365120836054866,0.024820378837361202,x,x,2,1.5
159,Mixed migration flows in Tunisia,Displacement,TUN002,Tunisia,TUN,12.437,0,0.083,x,x,1.5,0.993370607028754,0,0.006629392971246007,x,x,1,1.25
160,Complex situation in Türkiye,"Displacement,Conflict",TUR001,Türkiye,TUR,27.851,19.024,4.901,0.275,0,4.5,0.5350816522574448,0.3654947166186359,0.09415946205571565,0.005283381364073006,0,3,3.75
161,Syrian Refugees in Türkiye,Displacement,TUR002,Türkiye,TUR,35.06,4.936,2.041,0.254,0,3.9,0.8290375975407898,0.11671790021281626,0.04826200047292504,0.006006148025537952,0,3,3.45
162,Mixed Migration Flows in Türkiye,Displacement,TUR003,Türkiye,TUR,15.097,0.358,0.26,0.021,0,2.4,0.9593924758515506,0.02275038129130656,0.01652262328418912,0.0013345195729537367,0,1,1.7
163,Kurdish Conflict,Conflict,TUR004,Türkiye,TUR,x,x,x,x,x,x,x,x,x,x,x,x,x
164,Türkiye / Syria earthquake in Türkiye,Earthquake,TUR005,Türkiye,TUR,4.322,6.5,2.6,x,x,4,0.32200864252719413,0.48427954105200416,0.19371181642080168,x,x,3,3.5
165,Multiple Crises in Tanzania,"Displacement,Drought",TZA001,Tanzania,TZA,3.976,16.985,1.141,0,0,3.4,0.17989322233282057,0.7684824902723736,0.0516242873948059,0,0,3,3.2
166,International Displacement in Tanzania,Displacement,TZA002,Tanzania,TZA,0,14.774,0.241,x,x,2.3,0,0.9839493839493839,0.01605061605061605,x,x,2,2.15
167,Food Security Crisis in North-East Tanzania,Drought,TZA003,Tanzania,TZA,3.976,2.211,0.9,0,0,3.3,0.5610272329617609,0.3119796811062509,0.12699308593198816,0,0,3,3.15
168,International Displacement in Uganda,Displacement,UGA005,Uganda,UGA,6.194,0,1.615,x,x,3.7,0.7931873479318735,0,0.20681265206812652,x,x,3,3.35
169,Russia-Ukraine conflict,"Conflict,Displacement",UKR002,Ukraine,UKR,17.018,3.81,11.42,1.406,4.744,5,0.44321170924811837,0.09922650207047426,0.29741906919811445,0.03661744407115139,0.1235513191134724,5,5
170,Complex crisis in Venezuela,"Socio-political,Violence,Floods",VEN001,Venezuela,VEN,0,9.623,3.113,15.566,0,5,0,0.3400113066214402,0.10999222669775988,0.5499964666807999,0,4,4.5
171,Conflict in Yemen,Conflict,YEM001,Yemen,YEM,5,6.3,8.2,7.3,6.1,5,0.1519756838905775,0.19148936170212766,0.2492401215805471,0.22188449848024316,0.18541033434650456,5,5
172,Mixed migration flows in Yemen,Displacement,YEM002,Yemen,YEM,5.961,0.056,0.07,0.098,0.056,2.3,0.9548294089380106,0.00897004645202627,0.011212558065032836,0.01569758129104597,0.00897004645202627,1,1.65
173,Drought in Zambia,Drought,ZMB002,Zambia,ZMB,3.265,3.825,1.979,0.058,0,3.8,0.3577298126438041,0.4190862276761258,0.21682918812315108,0.006354771556919031,0,3,3.4
174,Complex crisis in Zimbabwe,"Socio-political,Drought",ZWE001,Zimbabwe,ZWE,0,13.862,3,x,x,4.1,0,0.8220851619025027,0.17791483809749734,x,x,3,3.55
